Hours Studied,Previous Scores,Extracurricular Activities,Sleep Hours,Sample Question Papers Practiced,Predicted Performance Index
7,99,Yes,9,1,91.85
8,51,Yes,7,2,45.07
8,91,No,4,5,84.33
5,79,No,7,8,65.58
2,72,No,4,3,47.43
2,54,Yes,4,9,30.88
1,99,Yes,4,3,72.64
1,85,No,5,6,58.88
3,61,No,6,3,40.06
9,84,Yes,6,6,81.83
5,90,Yes,4,3,74.93
3,61,Yes,7,3,41.14
7,44,Yes,9,1,35.86
2,55,Yes,4,1,30.32
2,63,Yes,6,0,39.24
4,73,Yes,7,0,55.63
8,61,No,7,2,54.66
2,89,Yes,6,1,65.91
6,81,No,9,9,71.65
6,62,Yes,9,0,51.13
2,54,Yes,9,5,32.52
8,48,No,6,0,40.54
9,97,Yes,8,5,95.84
1,87,Yes,8,8,63.36
7,61,Yes,4,7,51.92
8,62,Yes,4,2,54.81
8,68,No,7,3,61.98
3,54,Yes,5,0,32.45
3,69,No,4,7,48.02
7,80,No,8,3,71.82
9,99,No,4,1,94.54
8,61,Yes,6,9,56.14
3,48,No,7,5,27.71
8,64,No,5,1,56.54
7,53,No,5,9,44.06
7,89,No,8,1,80.59
5,40,No,4,9,24.62
7,68,No,4,8,58.64
3,67,No,9,8,48.62
4,56,No,4,7,37.65
7,91,Yes,6,3,82.64
9,89,Yes,5,3,85.84
4,54,No,7,5,36.68
7,96,No,5,3,86.65
8,96,No,8,9,92.15
6,59,Yes,4,9,47.41
8,48,No,5,4,40.84
1,72,No,7,0,45.43
4,77,Yes,8,6,61.37
2,53,Yes,8,9,31.81
3,56,No,5,7,35.27
1,96,No,8,6,71.53
1,72,Yes,5,7,46.43
8,40,Yes,7,7,34.86
2,45,Yes,4,3,20.54
5,72,Yes,8,1,58.16
1,69,Yes,9,8,45.52
5,49,No,6,5,33.96
7,58,Yes,6,2,48.85
8,62,No,6,8,56.37
1,43,No,6,4,16.21
8,58,No,5,1,50.43
4,66,No,4,5,47.43
6,73,No,8,7,62.62
1,95,No,8,6,70.52
9,77,Yes,9,1,75.18
6,46,Yes,9,7,36.22
3,65,No,4,4,43.36
4,48,No,5,1,28.81
2,55,Yes,6,7,32.48
8,93,No,7,2,87.23
7,49,Yes,7,3,40.37
4,47,Yes,5,1,28.39
5,87,No,5,3,71.76
8,65,No,6,5,58.83
3,54,Yes,6,3,33.53
6,77,No,6,8,65.92
3,62,Yes,9,0,42.54
4,62,Yes,4,6,44.15
4,78,No,8,3,61.2
5,92,No,7,2,77.63
7,52,No,6,5,42.74
6,83,Yes,4,7,71.45
3,48,No,5,1,25.95
2,66,Yes,6,3,42.89
5,68,No,4,8,52.92
1,76,No,8,5,50.98
3,90,Yes,7,7,71.45
3,46,Yes,4,2,24.22
9,72,No,7,1,68.52
5,77,No,7,4,62.76
4,89,Yes,7,8,73.49
8,44,No,6,5,37.45
2,99,Yes,9,5,78.33
1,99,Yes,4,6,73.24
9,93,No,7,5,90.68
8,91,No,5,8,85.4
9,96,Yes,4,3,92.48
1,61,No,8,3,35.31
3,73,Yes,5,0,51.79
2,45,Yes,4,5,20.93
4,41,Yes,8,2,23.93
5,44,No,6,0,27.89
7,84,No,6,9,76.1
4,89,Yes,7,1,72.11
7,51,Yes,6,7,42.71
1,40,Yes,8,9,15.71
5,83,No,5,0,67.1
1,83,No,8,0,57.12
1,86,Yes,5,9,61.08
2,41,No,8,8,18.8
8,88,No,5,8,82.35
6,77,No,6,4,65.13
5,87,Yes,9,2,74.11
9,65,Yes,4,8,61.91
1,94,Yes,9,3,69.99
5,56,Yes,5,2,40.61
1,99,Yes,4,6,73.24
5,62,Yes,7,2,47.69
7,85,No,9,8,78.38
3,82,No,6,2,61.24
5,89,No,7,4,74.97
1,44,Yes,7,3,18.12
3,89,No,8,7,70.33
3,63,Yes,6,8,43.68
1,77,Yes,4,1,49.86
1,42,Yes,8,4,16.76
3,80,No,7,3,59.89
8,88,No,9,2,83.11
2,81,No,6,1,57.17
9,50,Yes,9,9,49.27
5,81,No,6,5,66.54
9,86,Yes,6,9,84.45
9,88,Yes,5,4,85.02
3,76,Yes,5,9,56.62
7,79,Yes,9,4,72.08
1,99,No,7,5,73.9
9,98,No,6,7,95.68
4,40,Yes,6,5,22.53
3,75,Yes,5,8,55.41
9,44,No,5,1,39.04
5,59,No,5,1,42.87
3,76,Yes,5,6,56.03
4,87,Yes,5,1,69.1
5,40,Yes,7,8,26.47
5,70,No,7,4,55.63
9,90,No,5,8,87.25
2,44,Yes,6,4,20.69
6,40,Yes,4,0,26.3
3,64,Yes,9,1,44.78
1,43,Yes,7,4,17.3
4,91,No,9,5,75.32
4,45,No,6,8,27.62
6,95,No,8,7,85.02
7,85,Yes,9,4,78.19
3,72,Yes,8,3,52.83
8,54,No,6,6,47.83
7,75,No,8,6,67.32
1,53,Yes,8,5,28.16
3,95,Yes,4,2,74.1
1,53,Yes,6,2,26.59
9,42,Yes,8,0,38.86
5,89,Yes,6,7,75.67
5,61,No,8,1,46.36
5,74,No,5,3,58.53
4,80,No,5,5,62.17
2,52,Yes,7,8,30.11
9,74,Yes,8,6,72.62
1,90,Yes,5,5,64.36
1,71,No,7,9,46.19
9,58,No,6,4,54.37
8,93,Yes,6,2,87.34
9,52,No,4,5,47.49
9,64,No,6,1,59.89
2,42,No,8,9,20.02
6,59,Yes,4,1,45.84
1,71,Yes,9,6,47.17
5,87,No,9,7,74.5
7,89,No,9,4,81.67
6,52,Yes,6,6,40.67
3,67,Yes,8,6,48.33
5,60,No,9,0,45.63
5,99,No,7,5,85.35
3,66,No,9,7,47.4
1,99,Yes,9,8,76.06
1,99,Yes,9,3,75.08
2,68,No,7,1,44.42
1,59,No,4,8,32.32
5,91,Yes,4,8,76.93
7,54,Yes,4,5,44.4
2,95,No,9,7,74.06
3,56,Yes,7,6,36.65
4,50,Yes,6,7,33.11
6,44,Yes,7,3,32.42
1,65,No,8,2,39.19
5,47,No,4,9,31.74
5,95,No,9,1,81.46
2,80,Yes,5,0,56.06
3,95,Yes,5,1,74.39
7,75,No,8,1,66.34
8,55,Yes,5,9,49.55
3,75,Yes,5,7,55.21
5,53,No,8,8,39.6
5,95,Yes,8,1,81.57
9,84,Yes,8,8,83.19
9,72,No,7,6,69.5
6,55,Yes,6,6,43.72
8,45,No,4,8,38.09
3,42,No,9,3,22.18
8,51,Yes,6,8,45.77
2,72,No,9,1,49.46
8,70,No,8,3,64.5
7,66,Yes,8,7,58.95
9,41,Yes,8,5,38.83
7,51,Yes,8,5,43.29
5,61,No,7,0,45.68
6,76,No,8,2,64.69
1,71,Yes,6,5,45.51
2,63,Yes,9,4,41.49
4,92,No,8,2,75.26
6,82,No,4,6,69.64
6,57,No,9,2,45.84
4,66,No,8,6,49.58
8,55,No,5,1,47.38
9,57,Yes,4,8,53.76
1,42,Yes,8,1,16.17
6,93,No,5,5,81.13
6,55,Yes,9,1,44.2
6,45,Yes,5,3,32.47
7,90,No,8,2,81.8
8,89,Yes,5,8,83.96
7,53,No,9,1,44.43
8,86,Yes,5,9,81.11
5,87,Yes,6,7,73.63
6,44,No,9,8,33.78
1,71,Yes,6,6,45.71
6,92,Yes,9,4,82.45
3,45,Yes,7,4,25.05
3,64,Yes,4,7,43.53
4,48,No,9,4,31.35
6,82,No,6,7,70.81
4,75,No,6,5,57.57
2,92,No,9,0,69.63
9,92,No,5,2,88.1
2,47,No,8,6,24.51
8,88,Yes,5,2,81.76
2,66,No,8,6,43.86
3,58,Yes,6,1,37.21
1,64,No,6,9,38.58
6,60,No,5,2,46.94
8,63,Yes,9,5,58.85
9,63,No,9,3,60.72
3,99,No,9,0,79.61
5,58,Yes,4,5,42.75
8,67,No,6,3,60.47
3,79,Yes,9,5,60.83
6,81,No,9,5,70.86
1,86,No,7,4,60.47
1,52,Yes,9,7,28.02
8,85,Yes,6,3,79.39
6,88,No,6,5,76.52
3,90,Yes,5,6,70.28
4,78,No,7,7,61.5
1,47,No,9,0,20.96
4,49,No,8,5,32.07
2,46,No,5,0,20.85
1,92,Yes,6,8,67.48
6,76,Yes,6,4,64.71
4,66,No,4,0,46.45
4,96,Yes,7,7,80.42
2,66,Yes,5,0,41.81
6,81,Yes,8,5,70.97
8,66,No,6,8,60.44
7,42,No,5,7,32.47
8,67,Yes,5,3,60.58
4,69,No,5,7,51.37
8,93,No,9,0,87.81
7,68,No,9,6,60.68
9,52,No,5,9,48.76
1,42,Yes,6,3,15.59
6,41,No,9,8,30.73
8,77,Yes,5,2,70.56
9,71,No,5,7,67.71
4,52,No,9,5,35.62
2,98,No,8,0,75.25
1,67,Yes,8,0,41.43
6,99,No,6,4,87.52
1,96,No,7,1,70.06
1,96,Yes,5,6,70.67
1,87,No,6,6,61.4
1,59,Yes,7,9,34.57
8,52,No,7,1,45.3
3,86,No,4,8,65.52
2,83,Yes,4,5,59.61
1,53,Yes,7,5,27.67
2,91,Yes,7,7,69.61
7,49,No,9,1,40.36
7,64,Yes,6,7,55.94
3,89,Yes,9,2,70.42
8,81,No,5,2,74.04
7,65,No,5,9,56.27
6,75,No,7,7,64.17
5,55,Yes,6,8,41.26
7,87,No,8,6,79.54
5,99,No,6,3,84.47
1,46,No,6,6,19.66
5,90,No,8,2,76.08
4,40,Yes,8,4,23.31
4,74,No,7,3,56.64
8,62,No,9,9,58.03
1,46,Yes,6,4,19.86
2,91,Yes,8,0,68.72
8,75,Yes,7,4,69.9
2,59,No,5,6,35.27
9,63,Yes,8,1,60.44
5,88,No,7,3,73.76
6,78,Yes,5,1,65.66
2,77,No,7,9,55.16
5,76,Yes,6,5,62.04
5,51,Yes,7,1,36.29
9,56,No,4,4,51.36
5,46,No,4,6,30.13
2,77,Yes,6,9,55.27
6,42,No,6,8,30.29
5,70,Yes,9,0,56.41
4,82,Yes,7,4,65.58
6,68,No,6,3,55.77
6,93,No,6,2,81.02
5,81,Yes,4,0,65.17
4,78,No,9,6,62.28
3,93,No,8,4,73.81
4,92,No,4,5,73.9
8,76,Yes,5,4,69.94
7,91,No,9,9,84.69
2,74,No,5,2,49.75
5,48,No,5,5,32.46
3,58,No,7,0,36.9
8,75,No,9,8,71.06
1,46,No,9,8,21.52
8,99,Yes,8,9,95.8
7,51,Yes,4,8,41.93
6,58,Yes,4,2,45.02
7,41,Yes,6,6,32.33
7,69,Yes,6,9,61.43
1,81,No,4,6,54.32
8,44,No,8,0,37.44
2,60,No,8,9,38.34
8,59,Yes,7,9,54.59
7,47,No,5,5,37.16
8,51,No,8,4,45.36
1,60,Yes,4,3,32.94
4,69,Yes,7,6,52.74
6,66,Yes,8,8,56.29
2,65,Yes,9,1,42.93
7,65,Yes,9,6,58.22
3,75,Yes,9,3,56.37
2,79,No,6,3,55.52
2,98,Yes,6,3,75.46
7,89,No,5,1,79.13
1,50,Yes,7,6,24.82
9,41,Yes,8,1,38.04
8,40,Yes,6,7,34.37
9,83,No,9,7,81.87
4,93,Yes,4,0,74.53
2,69,No,8,0,45.73
2,74,No,5,1,49.55
5,97,Yes,7,3,83.51
5,45,No,5,6,29.6
9,82,No,7,3,79.09
9,43,Yes,8,8,41.46
8,84,No,5,8,78.28
4,49,Yes,7,0,31.2
3,84,Yes,4,6,63.69
6,85,No,4,3,72.1
6,60,Yes,6,8,49.21
7,49,No,6,6,39.88
1,95,Yes,8,1,70.13
2,78,Yes,8,4,56.27
1,93,No,6,2,66.72
3,80,No,7,7,60.68
9,43,Yes,9,8,41.94
4,90,No,8,0,72.83
5,91,Yes,7,7,78.19
9,78,Yes,8,3,76.1
3,47,Yes,4,7,26.22
9,67,No,4,4,62.56
8,94,Yes,5,7,88.86
8,73,No,4,9,66.79
2,65,Yes,7,4,42.55
8,76,No,9,3,71.1
8,53,Yes,6,3,46.82
9,56,No,4,3,51.16
7,79,No,9,0,70.7
5,58,No,6,3,42.73
9,76,Yes,8,1,73.67
5,41,No,7,2,25.71
2,49,No,6,3,24.99
6,74,No,8,9,64.03
7,63,No,6,1,53.15
9,56,Yes,5,4,52.44
2,79,No,8,5,56.89
6,41,Yes,4,7,28.69
4,45,No,5,4,26.35
4,60,Yes,8,2,43.28
1,94,Yes,4,7,68.34
1,68,No,6,8,42.45
6,46,No,6,2,33.18
3,72,Yes,9,2,53.12
6,87,No,7,1,75.2
2,92,Yes,5,9,70.05
2,63,Yes,6,7,40.62
4,65,No,4,4,46.22
1,86,No,5,4,59.5
7,99,Yes,8,8,92.74
4,41,No,7,4,23.25
3,60,Yes,8,1,40.22
3,53,No,6,5,32.31
1,81,Yes,6,7,56.08
2,83,Yes,9,1,61.26
8,58,No,6,6,51.9
5,84,Yes,6,8,70.78
2,52,Yes,8,9,30.79
3,61,No,6,6,40.65
3,95,No,6,1,74.28
7,83,Yes,5,6,74.6
1,99,No,9,7,75.27
9,74,Yes,7,9,72.72
1,53,Yes,9,5,28.65
6,52,Yes,7,5,40.96
6,86,No,7,2,74.38
1,53,No,5,0,25.12
2,90,No,8,1,67.3
9,75,Yes,6,7,72.86
6,40,Yes,4,9,28.07
2,92,Yes,7,4,70.04
8,50,Yes,4,5,43.18
3,66,No,8,8,47.11
9,61,Yes,9,9,60.46
9,85,Yes,7,6,83.33
9,88,Yes,8,5,86.67
2,85,Yes,9,1,63.29
8,49,No,5,6,42.26
8,63,Yes,5,0,55.92
4,48,Yes,9,6,32.34
4,56,Yes,5,1,37.55
6,77,No,6,4,65.13
6,79,No,8,3,67.94
6,76,Yes,5,7,64.81
7,45,No,8,4,36.39
9,60,Yes,9,7,59.05
3,75,No,8,1,54.89
4,75,No,9,9,59.82
8,64,No,5,7,57.72
7,50,No,7,7,41.58
3,84,No,6,6,64.07
3,87,Yes,8,5,68.49
1,96,No,7,5,70.85
4,75,Yes,9,7,60.02
4,42,Yes,7,0,24.07
2,48,No,7,1,24.06
4,47,No,6,0,28.08
6,77,Yes,8,9,67.68
7,43,Yes,9,2,35.04
5,81,Yes,5,3,66.25
5,43,No,7,9,29.13
8,83,No,9,5,78.62
9,43,No,4,4,38.13
8,48,Yes,4,0,40.16
4,51,Yes,9,0,34.21
7,94,No,9,1,86.16
4,47,Yes,8,9,31.42
4,59,Yes,8,2,42.26
9,78,Yes,6,7,75.92
5,74,Yes,6,5,60.01
1,88,Yes,4,5,61.84
8,96,Yes,5,9,91.29
4,98,Yes,9,6,83.23
2,95,No,4,2,70.64
9,46,Yes,4,2,41.38
5,70,No,4,4,54.17
4,57,Yes,9,4,41.1
7,53,No,6,8,44.35
3,78,Yes,6,9,59.14
5,98,Yes,8,7,85.81
3,76,Yes,9,8,58.37
5,48,No,9,3,34.01
8,59,No,4,9,52.54
9,96,No,6,8,93.84
2,67,Yes,7,2,44.19
7,92,No,9,1,84.13
6,66,Yes,6,3,54.33
4,47,No,8,6,30.24
7,96,Yes,7,2,88.02
8,71,No,9,6,66.6
5,48,Yes,7,7,34.42
6,69,No,9,7,59.04
7,40,Yes,4,8,30.73
1,44,No,8,6,18.6
8,74,Yes,5,6,68.3
8,53,No,7,5,47.1
4,69,No,4,0,49.5
1,43,No,9,0,16.89
1,46,Yes,5,5,19.57
9,52,Yes,7,6,49.74
9,43,Yes,6,8,40.48
9,82,No,6,5,79.0
2,75,No,6,0,50.86
3,47,No,9,2,27.07
6,71,No,7,9,60.49
2,81,No,7,2,57.85
7,65,No,8,0,55.96
5,81,Yes,5,1,65.86
3,86,Yes,6,9,67.29
9,57,Yes,8,7,55.51
3,97,No,7,9,78.38
5,83,Yes,7,0,68.67
8,96,No,9,5,91.85
6,40,Yes,6,2,27.67
5,87,Yes,9,5,74.7
4,67,No,7,3,49.52
6,44,Yes,5,6,32.04
4,40,Yes,6,6,22.73
4,97,Yes,8,0,80.55
2,92,No,4,1,67.39
9,92,Yes,7,3,89.87
7,94,No,5,5,85.01
7,65,Yes,7,0,56.07
8,46,No,9,5,40.95
8,94,Yes,6,4,88.75
4,91,No,9,7,75.71
7,65,No,5,8,56.08
4,53,Yes,5,4,35.08
7,47,No,8,5,38.62
1,67,No,4,6,40.07
1,96,No,8,7,71.73
6,58,Yes,4,8,46.2
3,71,Yes,4,5,50.26
2,62,Yes,9,4,40.47
1,56,No,6,2,29.05
3,77,No,5,4,56.06
4,61,Yes,7,5,44.4
7,87,No,7,8,79.44
8,90,Yes,7,2,84.77
1,52,Yes,7,0,25.67
9,91,Yes,7,1,88.45
6,62,Yes,9,2,51.52
7,51,Yes,5,0,40.84
2,57,No,6,2,32.93
6,97,No,9,3,86.75
2,53,No,5,2,28.37
6,97,Yes,9,7,88.14
9,77,No,9,0,74.38
9,97,Yes,4,0,92.9
7,96,Yes,9,1,88.8
8,91,Yes,7,2,85.79
7,71,No,9,4,63.34
9,96,No,6,9,94.04
4,73,Yes,4,3,54.76
6,53,No,9,2,41.76
2,83,Yes,4,1,58.82
8,56,No,9,3,50.74
5,54,Yes,9,9,41.9
2,71,Yes,8,8,49.93
4,52,Yes,5,1,33.48
1,60,Yes,7,8,35.39
2,79,Yes,7,9,57.79
9,96,Yes,8,9,95.61
9,55,No,7,7,52.39
7,70,Yes,9,6,63.31
6,75,Yes,4,1,62.12
6,99,Yes,6,4,88.12
7,84,No,7,0,74.81
3,51,Yes,7,6,31.56
2,95,Yes,9,7,74.66
4,43,No,7,1,24.69
9,67,Yes,7,1,64.02
4,81,No,7,5,64.16
3,49,No,9,5,29.7
2,80,Yes,7,2,57.43
9,88,No,5,6,84.82
3,41,No,6,5,20.1
3,67,No,4,3,45.2
1,92,Yes,4,6,66.11
4,50,No,5,6,31.83
6,98,No,8,2,87.09
7,41,Yes,6,8,32.73
4,80,Yes,9,8,65.3
7,73,Yes,4,2,63.15
5,92,Yes,4,6,77.55
7,61,No,5,0,50.43
5,62,Yes,6,1,47.0
6,58,Yes,8,1,46.77
5,87,Yes,6,3,72.85
5,71,Yes,4,5,55.98
4,86,No,7,3,68.86
5,78,Yes,7,4,64.37
4,96,Yes,8,0,79.53
7,74,Yes,5,2,64.65
6,53,No,5,6,40.61
9,78,No,7,4,75.22
5,87,Yes,6,7,73.63
8,98,Yes,5,9,93.32
1,48,Yes,7,3,22.19
8,56,No,4,5,48.7
7,56,No,8,4,47.59
8,98,No,4,9,92.24
4,77,Yes,9,7,62.05
7,85,No,8,8,77.9
3,69,No,4,2,47.04
5,66,Yes,4,7,51.28
2,55,Yes,6,5,32.08
1,62,Yes,7,3,36.44
9,61,No,4,8,57.24
2,66,No,4,3,41.32
5,41,No,4,8,25.44
2,65,No,7,2,41.56
6,67,Yes,5,2,54.66
5,58,Yes,7,2,43.61
2,59,No,7,5,36.05
7,69,No,5,3,59.16
4,42,No,6,0,22.99
4,85,No,5,3,66.87
1,78,No,8,0,52.03
9,67,Yes,7,4,64.61
2,90,No,6,0,66.13
5,96,No,7,7,82.69
6,59,Yes,7,9,48.87
5,73,Yes,7,5,59.48
4,97,No,7,7,80.84
8,73,No,4,1,65.21
7,92,No,6,4,83.26
8,59,No,9,0,53.2
5,94,Yes,8,9,82.13
7,58,No,8,6,50.02
2,84,Yes,8,0,61.59
6,43,Yes,6,8,31.9
2,94,Yes,5,2,70.71
8,86,Yes,8,8,82.37
3,72,No,6,5,51.65
5,41,Yes,9,6,28.07
4,81,No,7,9,64.95
4,64,Yes,9,8,49.02
6,54,Yes,8,7,43.88
3,63,No,6,1,41.7
6,70,No,7,7,59.08
7,45,Yes,7,2,36.1
4,57,Yes,7,2,39.74
4,90,Yes,9,8,75.48
7,55,Yes,7,1,46.09
4,66,No,8,0,48.4
8,85,No,6,9,79.98
2,49,No,4,8,25.0
5,62,No,6,9,47.98
4,52,No,4,1,32.39
2,61,Yes,9,9,40.44
9,62,Yes,7,5,59.72
1,74,No,4,1,46.21
1,42,Yes,9,7,17.84
6,41,Yes,6,0,28.29
1,88,No,5,9,62.52
3,71,Yes,5,9,51.53
5,72,No,7,0,56.88
5,55,Yes,4,9,40.48
4,95,Yes,9,5,79.98
3,95,Yes,4,9,75.48
1,41,Yes,8,8,16.53
8,53,No,8,2,47.0
4,95,No,9,6,79.59
9,94,Yes,7,5,92.3
7,69,Yes,5,8,60.74
6,59,Yes,4,5,46.62
6,95,No,6,9,84.44
9,70,Yes,8,2,67.76
8,46,No,9,0,39.97
4,94,Yes,8,3,78.08
7,52,No,4,4,41.57
7,89,Yes,4,5,80.02
8,95,Yes,9,6,91.62
5,91,No,9,4,77.98
5,43,Yes,7,0,27.95
7,54,Yes,7,1,45.07
3,91,Yes,8,5,72.56
9,47,No,5,2,42.29
2,93,No,6,4,69.97
7,48,No,9,1,39.34
6,96,Yes,5,9,85.56
7,74,Yes,8,7,67.1
1,91,No,6,1,64.49
7,58,Yes,6,4,49.24
6,87,Yes,6,1,75.31
6,91,No,6,2,78.99
1,40,No,9,6,15.01
6,90,No,5,4,77.88
4,79,No,4,4,60.47
2,93,Yes,4,2,69.2
3,43,Yes,5,5,22.24
9,57,No,7,9,54.82
2,60,No,8,2,36.96
5,40,No,4,5,23.83
3,75,No,6,5,54.71
8,47,No,4,9,40.32
8,66,No,6,9,60.64
2,58,No,6,9,35.33
8,91,No,7,1,85.0
5,80,Yes,5,6,65.82
4,50,Yes,7,3,32.81
7,60,No,7,8,51.96
6,46,Yes,9,5,35.82
3,62,No,5,6,41.18
9,76,Yes,8,1,73.67
2,72,Yes,8,4,50.16
9,54,Yes,5,7,51.0
2,42,Yes,9,4,20.11
8,92,No,6,7,86.71
6,41,No,8,8,30.24
3,80,Yes,7,0,59.89
3,40,Yes,9,9,21.92
9,47,Yes,7,1,43.66
6,86,Yes,7,9,76.36
5,74,Yes,7,1,59.7
1,99,No,7,3,73.51
4,84,No,5,3,65.85
2,83,No,7,6,60.67
4,83,Yes,5,4,65.62
7,83,Yes,9,5,76.35
6,45,No,4,5,31.78
5,64,No,6,5,49.23
3,70,Yes,8,3,50.79
7,80,Yes,9,5,73.3
9,41,Yes,5,7,37.76
2,60,Yes,9,4,38.44
6,92,Yes,9,7,83.05
7,83,Yes,4,2,73.33
8,73,Yes,4,6,66.79
6,99,Yes,5,3,87.44
4,48,No,4,7,29.5
3,95,Yes,5,4,74.98
3,69,Yes,4,1,47.43
4,61,No,6,0,42.33
9,50,No,7,8,47.5
6,52,Yes,8,9,42.23
3,55,No,9,4,35.61
3,40,Yes,8,0,19.66
9,50,Yes,7,5,47.51
7,83,Yes,9,8,76.94
3,80,No,5,9,60.1
3,67,Yes,9,0,47.63
8,81,Yes,9,3,76.78
9,40,Yes,8,9,38.6
9,67,No,4,9,63.54
7,97,Yes,7,9,90.42
2,94,No,8,0,71.18
5,56,No,9,5,42.55
5,65,Yes,9,9,53.09
5,59,Yes,9,0,45.21
5,52,No,7,9,38.29
9,45,No,5,8,41.44
1,62,No,7,1,35.45
6,41,Yes,8,4,30.05
4,56,Yes,7,3,38.91
6,71,No,8,6,60.39
2,42,No,7,9,19.53
9,41,Yes,5,5,37.37
8,80,Yes,4,5,73.72
7,57,Yes,7,7,49.3
6,83,Yes,6,3,71.63
2,65,No,9,9,43.92
6,51,Yes,4,0,37.5
9,60,Yes,9,3,58.26
1,87,Yes,4,4,60.63
1,47,Yes,8,8,22.64
1,62,No,8,9,37.51
7,52,No,5,8,42.84
5,93,No,7,1,78.45
5,92,No,8,6,78.91
1,88,No,6,8,62.81
6,53,Yes,7,1,41.19
9,55,Yes,7,5,52.6
1,78,No,4,6,51.26
7,71,Yes,4,7,62.09
1,57,No,8,0,30.65
8,69,Yes,4,5,62.53
8,97,No,9,6,93.06
5,58,No,8,2,43.51
7,86,No,6,4,77.15
2,45,Yes,8,5,22.88
2,59,Yes,5,6,35.86
2,77,No,7,5,54.37
5,97,Yes,5,3,82.54
8,80,No,8,2,74.48
1,97,Yes,8,7,73.34
9,63,No,8,9,61.42
3,65,No,8,3,45.11
3,53,Yes,9,8,34.96
9,87,No,4,3,82.72
5,98,Yes,4,6,83.66
6,79,No,6,9,68.15
1,42,No,4,2,13.83
5,77,No,4,0,60.51
6,95,No,5,5,83.16
4,79,Yes,6,4,62.04
7,72,Yes,4,2,62.13
9,53,Yes,6,9,50.86
9,99,Yes,8,8,98.46
4,67,No,5,6,49.14
2,54,Yes,7,6,31.75
8,53,Yes,4,3,45.84
3,65,No,9,1,45.2
1,41,Yes,5,5,14.48
5,49,No,7,4,34.25
5,60,Yes,4,0,43.8
8,99,No,9,3,94.51
3,83,Yes,6,3,63.05
5,92,No,9,1,78.41
5,47,No,7,9,33.2
3,83,No,6,2,62.26
7,91,No,8,7,83.81
9,80,Yes,6,4,77.36
4,63,Yes,9,9,48.2
1,79,No,7,4,53.35
5,95,Yes,7,2,81.28
6,96,Yes,5,6,84.97
3,98,Yes,7,7,79.6
2,73,Yes,6,6,50.6
3,50,No,4,1,27.5
5,57,Yes,5,3,41.82
3,82,Yes,4,3,61.06
1,57,Yes,7,8,32.34
3,52,No,7,4,31.58
8,40,Yes,6,0,32.99
9,43,Yes,6,6,40.09
8,67,No,4,1,59.11
5,65,No,5,4,49.57
1,62,Yes,7,6,37.03
2,78,No,9,3,55.97
6,77,Yes,7,0,65.42
6,74,No,5,4,61.59
7,69,Yes,5,1,59.36
5,92,No,5,8,77.84
8,77,No,4,2,69.48
4,68,Yes,5,5,50.55
9,91,No,5,8,88.26
7,43,Yes,7,0,33.67
6,98,No,8,0,86.69
8,55,Yes,9,3,50.31
7,64,Yes,7,8,56.63
3,50,No,7,0,28.76
2,95,No,5,8,72.31
8,75,No,8,3,69.59
5,47,Yes,4,5,31.55
5,85,Yes,8,5,72.18
2,80,No,6,0,55.95
3,61,Yes,8,1,41.24
3,90,No,6,5,69.98
8,49,Yes,4,3,41.77
3,73,No,5,5,52.18
1,85,Yes,9,5,61.22
5,68,No,5,6,53.01
8,84,Yes,6,9,79.56
3,48,Yes,5,3,26.94
8,78,No,7,0,71.57
4,94,Yes,4,5,76.53
2,71,Yes,9,9,50.62
1,89,Yes,5,5,63.35
6,95,No,5,6,83.36
8,90,No,5,4,83.6
8,56,Yes,9,9,52.51
7,58,No,8,8,50.41
5,91,No,4,4,75.55
7,96,Yes,6,3,87.73
5,82,Yes,4,6,67.37
9,69,Yes,5,9,66.66
4,81,Yes,8,1,64.46
8,51,Yes,4,9,44.99
4,52,No,5,3,33.27
5,91,No,4,4,75.55
6,59,No,9,0,47.48
7,76,Yes,7,7,68.65
9,98,Yes,4,8,95.5
5,60,No,9,2,46.03
4,64,No,8,6,47.54
2,65,Yes,8,1,42.45
5,40,Yes,8,9,27.16
9,83,No,8,9,81.78
8,45,Yes,9,7,40.92
7,67,Yes,8,6,59.77
7,84,No,6,0,74.33
4,69,No,8,5,52.43
3,57,No,6,3,35.99
5,66,No,6,8,51.86
2,60,Yes,6,5,37.17
3,99,No,8,8,80.7
7,79,Yes,9,6,72.48
9,54,Yes,4,4,49.92
5,91,No,6,3,76.32
1,57,No,8,3,31.24
7,94,Yes,4,2,84.52
2,76,Yes,9,8,55.51
9,99,Yes,5,7,96.81
2,91,No,8,2,68.52
6,59,No,9,5,48.46
8,40,No,4,3,32.02
1,60,No,9,5,35.18
4,62,No,7,1,44.03
3,93,Yes,9,5,75.09
5,58,Yes,8,8,45.28
1,67,No,9,3,41.91
6,70,No,8,5,59.17
1,70,No,9,4,45.16
8,61,No,8,9,56.52
6,84,Yes,4,5,72.07
9,48,Yes,9,3,46.05
2,91,No,9,2,69.0
5,48,Yes,7,0,33.04
9,55,No,7,2,51.41
1,71,No,7,7,45.79
4,53,No,8,9,36.93
7,47,No,8,7,39.02
8,85,Yes,6,8,80.38
1,82,No,8,7,57.48
7,95,Yes,5,6,86.82
9,67,No,5,9,64.03
8,85,No,7,2,79.09
6,87,No,5,3,74.63
8,59,Yes,4,7,52.74
9,72,No,9,0,69.29
8,41,Yes,5,1,33.72
9,56,No,7,9,53.81
7,91,No,4,3,81.07
8,76,Yes,4,6,69.85
6,56,Yes,6,4,44.35
1,77,No,4,4,49.85
7,74,Yes,6,7,66.12
9,86,No,6,6,83.27
1,74,Yes,7,4,48.85
4,97,No,5,9,80.27
6,96,No,9,1,85.34
8,48,No,9,6,43.18
1,67,Yes,8,5,42.41
4,75,No,8,6,58.74
9,97,No,6,6,94.47
1,84,No,9,6,59.81
6,89,Yes,5,2,77.06
6,89,Yes,8,8,79.7
2,73,Yes,4,8,50.02
6,70,Yes,7,6,59.48
6,87,Yes,9,2,76.97
4,68,Yes,9,7,52.89
8,58,No,5,3,50.83
9,66,Yes,4,7,62.73
7,67,No,8,0,58.0
6,63,Yes,6,2,51.08
1,74,Yes,6,5,48.56
5,43,No,6,0,26.87
1,46,No,8,8,21.03
2,61,No,4,8,37.21
6,61,Yes,4,3,48.27
6,93,No,8,9,83.38
4,95,Yes,8,3,79.1
8,76,No,5,8,70.13
2,55,No,5,7,31.39
5,67,No,8,0,52.27
3,82,No,5,8,61.94
1,40,No,9,2,14.23
3,47,No,7,4,26.49
4,96,No,7,3,79.04
4,58,No,4,9,40.08
5,89,No,9,7,76.54
4,44,Yes,6,8,27.2
1,98,Yes,5,2,71.92
2,73,Yes,8,7,51.77
6,91,Yes,4,3,78.81
9,54,Yes,9,2,51.96
4,81,Yes,6,3,63.88
7,56,Yes,8,2,47.79
7,92,Yes,8,4,84.83
4,46,No,7,4,28.34
1,66,Yes,4,2,38.85
8,68,No,8,7,63.25
2,46,No,9,1,23.0
8,82,No,8,3,76.72
2,58,Yes,5,9,35.44
5,79,No,4,3,63.13
4,45,Yes,7,0,27.13
7,64,Yes,8,6,56.72
9,79,Yes,8,9,78.3
6,61,No,7,4,49.33
5,56,No,8,2,41.47
8,61,Yes,6,6,55.55
7,73,Yes,9,5,66.17
7,47,No,7,6,38.33
5,84,Yes,9,8,72.24
3,63,Yes,5,2,42.01
4,99,No,8,4,82.78
9,66,No,8,5,63.68
2,78,Yes,8,0,55.48
6,71,Yes,8,7,61.18
4,67,Yes,4,8,49.64
8,67,Yes,5,4,60.78
5,65,No,7,2,50.15
7,42,Yes,6,3,32.76
2,40,Yes,6,8,17.4
9,44,No,5,8,40.42
4,78,No,7,5,61.11
5,74,Yes,5,9,60.31
5,88,Yes,8,5,75.23
6,55,Yes,4,7,42.95
7,65,No,9,7,57.83
9,64,Yes,9,5,62.73
9,86,No,5,2,81.99
9,54,No,8,0,50.48
1,49,Yes,8,6,24.28
1,40,Yes,7,6,14.64
7,73,No,4,0,62.16
8,62,No,9,8,57.83
3,82,No,5,6,61.54
9,64,No,4,3,59.31
3,52,Yes,8,6,33.06
4,72,Yes,7,0,54.61
4,81,No,4,1,61.91
7,71,Yes,5,0,61.2
3,79,Yes,6,0,58.39
8,83,No,4,1,75.39
3,80,No,8,7,61.17
3,81,No,5,8,60.92
2,49,Yes,6,7,26.37
1,68,No,8,3,42.44
5,56,No,7,8,42.17
6,65,No,4,3,51.74
6,60,Yes,7,5,49.1
8,56,Yes,6,7,50.66
2,79,Yes,6,2,55.92
5,79,Yes,9,1,65.77
7,88,Yes,6,0,78.99
8,41,Yes,6,8,35.59
4,98,Yes,9,4,82.84
9,87,No,7,3,84.18
6,51,No,5,2,37.78
1,55,Yes,7,1,28.92
6,42,No,8,6,30.87
6,97,No,5,4,85.0
2,60,No,4,9,36.39
2,61,No,5,1,36.32
6,68,Yes,4,5,55.79
3,48,Yes,7,0,27.32
9,92,Yes,4,2,88.21
1,93,No,8,5,68.28
8,65,Yes,8,4,60.2
4,45,No,9,1,27.7
9,87,No,7,7,84.97
1,50,No,4,6,22.76
1,49,No,5,7,22.43
4,86,No,4,2,67.2
9,73,No,7,0,69.34
4,70,Yes,9,2,53.94
3,51,Yes,9,2,31.74
1,90,No,5,6,63.97
4,83,No,4,9,65.53
9,55,No,8,8,53.08
6,42,No,9,7,31.55
3,97,No,9,0,77.58
4,64,No,7,1,46.07
5,74,No,8,4,60.19
9,74,Yes,6,5,71.45
4,61,No,6,4,43.12
9,76,Yes,5,2,72.41
9,74,No,4,8,70.47
4,84,No,9,7,68.58
1,59,Yes,6,0,32.31
5,81,No,4,4,65.37
4,43,No,6,7,25.39
8,97,Yes,6,3,91.61
3,55,Yes,5,2,33.87
2,43,Yes,7,8,20.94
3,77,Yes,6,1,56.55
8,54,No,4,4,46.46
1,76,No,7,3,50.1
7,55,No,7,3,45.88
6,86,No,9,5,75.95
5,46,Yes,7,9,32.78
8,73,Yes,4,7,66.99
2,40,No,8,1,16.4
5,71,No,8,0,56.35
2,97,No,4,4,73.07
9,44,Yes,9,7,42.77
4,69,No,7,2,51.36
6,55,No,8,3,43.51
3,41,No,5,8,20.2
6,80,Yes,5,5,68.49
5,50,Yes,8,3,36.15
1,79,No,7,4,53.35
2,68,Yes,7,9,46.59
5,54,Yes,6,8,40.24
7,95,No,9,6,88.17
5,51,Yes,8,8,38.16
4,64,Yes,9,4,48.23
1,71,Yes,8,1,45.69
7,57,Yes,8,6,49.59
6,46,No,4,7,33.19
9,84,No,7,4,81.32
4,45,Yes,4,8,27.24
7,53,No,6,6,43.95
1,43,No,7,7,17.29
6,55,No,8,6,44.1
3,90,Yes,4,5,69.6
4,58,Yes,7,1,40.56
9,43,No,7,4,39.59
1,90,No,4,6,63.48
2,80,Yes,4,1,55.77
2,88,No,4,8,64.7
3,49,No,4,1,26.48
8,54,Yes,5,4,47.55
7,43,Yes,4,1,32.41
9,50,No,9,3,47.49
9,50,No,6,5,46.42
9,47,No,8,9,45.13
3,90,Yes,8,6,71.74
3,83,No,8,0,62.84
6,83,Yes,4,7,71.45
2,89,No,9,0,66.57
3,53,Yes,8,1,33.09
8,41,Yes,9,1,35.67
2,81,No,9,2,58.82
3,75,Yes,9,4,56.57
3,59,No,4,2,36.86
4,98,No,5,1,79.71
9,45,Yes,6,8,42.52
8,87,Yes,8,4,82.6
5,75,No,7,5,60.92
4,84,No,4,6,65.95
1,81,Yes,4,9,55.5
6,74,Yes,8,1,63.05
2,67,No,5,5,43.22
7,67,No,9,3,59.07
1,50,Yes,8,5,25.11
6,75,No,7,7,64.17
7,41,Yes,4,2,30.57
6,59,No,5,9,47.3
8,41,No,9,1,35.07
4,50,Yes,6,9,33.5
1,71,No,7,8,45.99
6,94,No,6,5,82.63
3,61,Yes,8,7,42.42
8,56,No,7,4,49.96
8,75,No,8,9,70.77
1,91,Yes,9,7,67.72
4,53,No,7,1,34.87
3,97,Yes,4,2,76.13
3,48,No,6,9,28.01
5,51,Yes,7,1,36.29
6,95,Yes,6,7,84.64
6,43,No,7,1,30.41
4,96,Yes,8,9,81.3
7,64,Yes,9,0,56.02
5,44,Yes,9,2,30.34
3,46,Yes,7,4,26.07
5,78,Yes,8,3,64.66
4,98,Yes,4,9,81.39
9,81,Yes,9,5,80.04
2,58,Yes,6,1,34.35
7,82,Yes,6,9,74.66
7,42,No,8,3,33.14
9,57,No,4,4,52.38
6,59,No,8,2,47.39
3,68,No,6,6,47.78
2,94,No,7,5,71.68
8,62,Yes,8,3,56.95
6,70,No,5,7,58.11
6,60,No,7,3,48.11
4,41,No,4,9,22.77
6,43,No,8,6,31.89
6,96,Yes,6,4,85.07
8,46,No,6,0,38.51
1,58,No,4,6,30.9
4,83,Yes,7,7,67.19
4,40,No,5,4,21.26
7,58,Yes,4,1,47.68
8,84,No,7,3,78.27
4,53,No,6,7,35.57
7,83,Yes,5,5,74.4
2,78,Yes,8,2,55.88
7,96,Yes,8,2,88.51
2,83,Yes,6,0,59.6
2,40,No,9,2,17.09
4,71,No,9,7,55.35
5,47,Yes,8,7,33.89
3,57,Yes,7,2,36.87
5,84,Yes,4,7,69.61
9,68,No,9,3,65.81
8,71,Yes,8,7,66.9
7,87,Yes,9,7,80.82
8,97,Yes,5,7,91.91
8,49,No,9,8,44.6
5,73,Yes,9,3,60.05
4,56,Yes,9,9,41.07
8,67,Yes,5,9,61.76
7,77,No,9,8,70.24
8,89,No,5,3,82.38
1,94,Yes,5,1,67.65
7,41,No,6,5,31.54
7,88,No,7,6,80.07
8,60,No,7,9,55.02
2,43,Yes,4,0,17.91
9,83,Yes,4,8,80.23
3,73,No,6,7,53.07
8,48,No,9,3,42.59
4,46,No,9,1,28.72
5,69,Yes,9,7,56.77
6,83,Yes,6,6,72.23
9,54,Yes,6,7,51.48
2,95,Yes,9,6,74.46
7,84,No,4,3,73.95
1,92,Yes,6,7,67.28
3,58,No,4,7,36.82
4,79,No,6,6,61.84
6,80,Yes,9,1,69.65
3,54,No,5,0,31.86
8,85,Yes,8,9,81.55
9,90,Yes,4,9,87.55
9,94,Yes,6,9,92.6
7,74,Yes,8,2,66.11
4,42,No,8,9,25.74
8,49,Yes,6,3,42.75
8,51,Yes,9,0,45.65
1,52,No,9,1,26.24
9,63,No,4,8,59.27
2,96,No,9,3,74.29
2,55,No,4,7,30.91
1,71,Yes,4,1,43.75
2,76,No,7,1,52.56
2,95,Yes,7,5,73.29
7,86,No,6,0,76.36
1,51,No,8,3,25.13
4,99,No,4,9,81.81
9,40,No,8,2,36.63
2,61,Yes,7,6,38.87
8,81,Yes,5,0,74.24
1,45,Yes,4,5,18.07
8,59,No,5,3,51.84
3,60,No,7,7,40.32
6,45,Yes,8,3,33.93
6,67,No,5,4,54.46
3,88,No,9,0,68.42
5,90,No,8,0,75.69
3,80,Yes,8,0,60.38
8,83,Yes,6,6,77.95
6,58,Yes,9,3,47.65
5,71,No,5,5,55.87
4,84,No,8,8,68.29
9,88,No,6,7,85.5
7,87,Yes,4,7,78.38
3,62,No,5,2,40.4
2,71,Yes,4,2,46.81
2,53,Yes,6,8,30.64
6,60,No,6,3,47.63
2,40,Yes,5,6,16.52
8,94,No,9,1,89.03
8,91,No,6,9,86.09
3,50,No,5,8,29.36
7,75,Yes,4,1,64.98
7,93,Yes,6,3,84.68
1,65,No,4,5,37.83
6,47,Yes,8,4,36.16
3,58,No,8,1,37.59
4,69,No,5,7,51.37
1,97,Yes,6,4,71.78
5,67,No,9,9,54.53
4,92,No,4,8,74.49
7,57,No,9,3,48.89
5,85,No,6,1,69.82
1,55,No,5,4,27.94
6,57,Yes,6,7,45.96
7,94,No,4,0,83.53
9,56,No,5,7,52.44
6,89,Yes,8,4,78.91
5,70,No,8,2,55.72
1,56,No,4,9,29.46
6,97,Yes,8,1,86.47
1,84,No,6,8,58.74
6,47,No,9,5,36.25
6,77,Yes,4,2,64.36
6,62,Yes,8,5,51.63
8,71,No,9,1,65.61
5,88,No,6,6,73.86
3,78,No,8,2,58.14
6,84,Yes,8,4,73.82
1,42,No,8,9,17.15
1,52,No,7,6,26.26
8,85,Yes,6,1,79.0
8,45,No,5,6,38.18
1,86,Yes,5,4,60.09
4,92,Yes,4,7,74.89
8,46,No,6,0,38.51
4,69,Yes,5,1,50.78
2,60,Yes,5,9,37.47
2,44,No,4,1,18.53
7,90,No,4,8,81.04
2,69,Yes,5,7,46.24
5,75,No,9,3,61.5
5,94,No,8,3,80.35
7,52,Yes,8,6,44.5
5,53,No,9,5,39.49
6,76,Yes,9,9,67.15
8,52,No,6,2,45.01
9,97,Yes,9,3,95.93
4,83,No,4,1,63.95
6,46,Yes,4,5,33.39
8,87,Yes,4,5,80.85
8,46,Yes,8,7,41.45
6,89,Yes,6,5,78.14
6,59,Yes,7,4,47.89
3,77,No,7,3,56.84
9,79,Yes,8,6,77.71
7,71,No,5,5,61.59
1,78,No,9,9,54.29
4,61,Yes,4,0,41.95
7,90,Yes,7,2,81.91
9,41,Yes,5,2,36.78
7,92,No,4,7,82.88
9,82,No,5,8,79.1
3,62,No,4,6,40.7
7,93,No,9,0,84.95
9,53,No,6,7,49.87
6,75,No,4,2,61.73
2,89,No,4,7,65.52
4,81,Yes,5,4,63.59
2,67,No,9,6,45.36
4,55,Yes,5,8,37.91
5,54,No,8,6,40.22
3,79,Yes,9,2,60.24
7,89,No,4,6,79.63
4,70,Yes,9,1,53.75
6,42,Yes,6,8,30.88
4,87,Yes,9,2,71.25
9,72,Yes,5,2,68.34
6,65,No,8,1,53.3
2,55,Yes,6,3,31.69
4,55,Yes,5,5,37.32
7,59,No,9,4,51.13
4,93,No,6,5,75.89
2,40,Yes,4,8,16.43
8,81,No,4,3,73.75
7,43,No,4,2,32.01
5,54,No,8,8,40.62
8,90,Yes,7,7,85.76
7,47,No,8,1,37.83
4,99,No,6,8,82.59
1,66,No,8,2,40.21
1,70,Yes,8,9,46.25
2,69,No,5,4,45.06
2,54,No,8,8,32.03
8,40,No,9,8,35.43
1,92,Yes,6,7,67.28
6,55,Yes,4,4,42.36
6,77,Yes,8,4,66.7
9,49,No,9,3,46.47
2,76,Yes,5,6,53.17
9,51,Yes,4,7,47.46
2,59,No,6,5,35.56
8,88,No,5,7,82.15
7,91,No,5,1,81.16
1,83,Yes,7,6,58.41
3,41,Yes,4,1,18.93
6,56,No,4,9,43.76
2,64,No,4,0,38.69
8,75,No,4,9,68.83
6,70,No,4,9,58.02
4,51,No,5,9,33.44
1,62,No,5,5,35.27
3,78,No,4,2,56.2
6,54,Yes,5,5,42.02
2,76,No,9,5,54.33
5,97,Yes,7,5,83.91
4,44,Yes,6,9,27.39
7,78,No,8,5,70.18
3,59,Yes,8,9,40.78
1,49,Yes,4,5,22.14
8,63,Yes,4,8,57.01
9,56,Yes,8,3,53.71
6,84,No,9,5,73.91
9,63,Yes,5,9,60.55
9,82,No,7,6,79.68
4,60,Yes,8,4,43.67
7,54,Yes,7,7,46.25
6,60,Yes,6,2,48.02
5,41,Yes,5,7,26.32
3,43,No,6,8,22.72
3,99,Yes,6,8,80.33
5,99,Yes,8,9,87.22
4,80,No,9,0,63.13
7,84,No,6,3,74.92
4,57,Yes,8,1,40.03
6,64,No,7,1,51.79
6,93,Yes,5,7,82.12
4,87,No,8,8,71.35
6,93,Yes,5,9,82.51
7,73,No,8,3,64.69
8,56,No,7,0,49.17
3,63,Yes,6,5,43.09
6,42,Yes,8,5,31.27
4,54,Yes,9,7,38.64
1,89,Yes,8,5,64.81
4,78,Yes,9,2,62.09
8,76,Yes,5,4,69.94
7,91,No,9,2,83.31
9,43,Yes,4,6,39.12
9,70,No,4,7,66.2
9,72,Yes,7,5,69.9
6,78,Yes,5,6,66.65
4,48,Yes,4,3,29.31
1,67,Yes,4,6,40.66
6,70,No,7,1,57.9
7,92,No,9,7,85.31
7,62,Yes,4,9,53.33
6,55,Yes,6,4,43.33
1,87,Yes,7,5,62.28
4,67,Yes,6,1,49.23
8,80,Yes,9,7,76.55
3,99,No,5,1,77.86
6,52,No,6,4,39.68
6,84,Yes,4,7,72.47
4,92,No,8,8,76.44
1,95,No,6,9,70.13
5,70,Yes,8,0,55.92
4,74,Yes,4,9,56.96
1,69,Yes,7,2,43.37
8,92,Yes,4,5,85.94
2,89,No,8,1,66.28
9,87,No,5,9,84.39
2,82,Yes,6,6,59.76
3,49,No,4,7,27.66
4,80,No,5,0,61.19
5,51,No,7,1,35.7
2,60,Yes,9,1,37.84
2,88,No,8,8,66.65
6,75,No,8,9,65.05
5,72,No,7,3,57.47
5,98,Yes,6,2,83.85
7,62,Yes,8,4,54.29
9,82,No,8,8,80.56
5,41,Yes,4,8,26.03
6,99,Yes,5,6,88.03
3,78,Yes,5,5,57.87
1,76,No,9,7,51.86
6,87,Yes,4,2,74.54
7,40,No,6,1,29.73
9,57,Yes,8,3,54.72
5,97,No,9,4,84.09
5,59,Yes,9,0,45.21
3,73,No,8,6,53.84
3,81,No,6,2,60.22
4,63,No,9,3,46.42
5,94,Yes,4,0,78.41
7,75,Yes,8,4,67.52
3,46,No,4,9,25.0
9,49,No,7,5,45.89
7,40,Yes,8,6,32.29
2,89,Yes,5,5,66.21
9,84,No,9,3,82.1
4,91,Yes,8,9,76.21
7,87,Yes,7,9,80.24
9,92,Yes,9,5,91.23
9,71,No,7,5,68.29
4,60,Yes,7,8,43.97
4,80,No,7,8,63.74
4,81,No,8,1,63.86
2,40,Yes,5,9,17.11
2,83,Yes,8,4,61.36
2,94,No,6,0,70.2
2,86,Yes,6,2,63.05
7,97,No,7,7,89.43
3,70,Yes,7,1,49.91
7,74,Yes,9,4,66.99
7,96,No,9,6,89.19
6,89,No,5,5,77.06
8,44,No,8,2,37.84
7,89,Yes,5,7,80.91
8,75,Yes,8,2,69.99
7,66,No,4,5,56.02
1,54,No,7,7,28.49
7,44,No,5,2,33.52
3,91,No,7,7,71.88
7,50,Yes,5,0,39.82
7,45,No,7,5,36.1
3,86,Yes,9,0,66.98
2,98,No,8,8,76.82
6,66,No,9,8,56.18
1,90,No,7,7,65.14
6,69,No,5,5,56.7
1,74,No,4,0,46.01
2,81,No,9,4,59.22
9,76,Yes,6,5,73.49
9,71,Yes,5,0,66.92
6,74,Yes,8,6,64.04
3,71,No,4,5,49.66
8,62,No,4,3,54.41
2,72,Yes,9,8,51.44
1,64,Yes,8,0,38.37
8,63,Yes,8,3,57.97
4,78,No,4,6,59.85
9,85,Yes,5,0,81.18
1,52,No,5,8,25.68
9,62,No,9,1,59.31
3,75,No,6,9,55.5
6,55,No,4,6,42.15
3,55,Yes,8,5,35.92
3,81,No,8,8,62.38
2,94,Yes,6,8,72.37
8,95,No,7,6,90.06
7,50,No,6,8,41.29
9,51,No,7,1,47.14
6,67,Yes,5,0,54.27
4,40,No,6,2,21.35
4,95,No,9,8,79.98
8,82,No,9,5,77.6
9,63,Yes,9,6,61.91
1,86,No,6,9,60.97
7,64,Yes,6,9,56.34
5,99,No,4,7,84.28
8,68,No,5,1,60.61
4,56,No,6,9,39.02
7,99,No,6,6,90.78
8,83,No,4,4,75.99
7,99,Yes,4,3,89.81
9,75,Yes,7,9,73.74
7,91,Yes,4,9,82.85
6,90,No,6,3,78.17
3,42,No,9,4,22.38
6,52,No,4,4,38.71
3,40,Yes,7,3,19.77
8,87,No,7,6,81.91
9,89,Yes,9,3,87.79
7,93,Yes,6,4,84.87
6,70,No,8,1,58.39
8,48,No,9,4,42.79
3,69,Yes,6,7,49.59
3,98,No,7,2,78.02
2,97,Yes,5,9,75.14
9,76,No,5,9,73.19
7,55,Yes,4,5,45.41
1,76,Yes,7,3,50.69
3,63,Yes,9,9,45.34
6,48,Yes,4,0,34.44
3,62,No,7,0,40.98
8,74,No,7,7,68.87
6,46,No,6,2,33.18
8,69,Yes,4,5,62.53
9,74,Yes,8,4,72.23
4,96,No,7,9,80.22
8,72,Yes,7,8,67.63
6,92,Yes,5,3,80.31
3,67,Yes,5,3,46.28
9,42,Yes,7,1,38.57
4,57,Yes,4,1,38.08
2,92,Yes,5,3,68.87
2,66,No,7,4,42.97
7,40,No,7,6,31.21
7,45,No,9,7,37.47
9,50,Yes,6,2,46.43
6,73,Yes,4,8,61.47
8,78,No,8,1,72.25
8,60,No,5,2,52.66
1,95,No,8,4,70.12
1,52,Yes,6,3,25.77
2,77,Yes,8,5,55.45
1,91,Yes,6,3,65.47
7,40,No,8,2,30.9
5,78,Yes,6,6,64.28
5,71,Yes,5,0,55.48
9,88,No,8,8,86.67
6,43,No,4,5,29.74
1,48,No,9,5,22.96
8,45,No,9,0,38.95
7,93,Yes,4,6,84.29
8,74,No,5,5,67.51
6,57,No,8,8,46.53
1,99,No,6,1,72.63
7,54,No,6,7,45.17
2,56,Yes,5,3,32.22
7,82,No,4,4,72.11
2,54,No,8,0,30.46
2,58,No,8,4,35.32
4,65,No,5,2,46.31
2,61,No,9,0,38.07
9,62,No,6,7,59.03
3,52,Yes,4,7,31.31
4,67,Yes,7,1,49.72
6,96,No,6,6,84.86
8,76,No,9,4,71.29
6,83,Yes,6,7,72.42
1,72,No,6,4,45.74
6,83,Yes,7,1,71.73
7,84,Yes,7,6,76.59
4,75,Yes,8,9,59.93
9,58,Yes,4,2,53.6
7,72,Yes,9,4,64.96
1,83,No,4,5,56.16
7,86,No,5,7,77.26
9,50,No,9,9,48.67
8,81,No,6,2,74.53
6,41,Yes,7,8,30.35
3,65,Yes,6,6,45.32
7,56,No,4,0,44.85
3,56,No,9,3,36.43
2,69,Yes,9,1,47.01
3,79,No,6,0,57.79
4,63,Yes,5,9,46.25
6,43,No,8,9,32.48
5,77,No,9,1,63.14
5,68,Yes,8,9,55.66
1,91,No,6,2,64.68
4,45,No,9,9,29.28
7,85,No,6,7,76.72
2,52,Yes,4,5,28.06
6,70,No,7,4,58.49
2,87,Yes,7,3,64.75
1,94,Yes,6,3,68.53
7,52,No,8,5,43.71
9,46,No,8,5,43.33
2,78,No,8,4,55.68
1,78,No,7,8,53.12
6,97,Yes,5,4,85.6
3,81,No,6,6,61.01
2,44,Yes,5,1,19.61
7,40,Yes,8,9,32.88
1,77,No,6,5,51.02
2,54,Yes,4,7,30.49
7,69,No,6,1,59.26
5,71,No,5,8,56.46
8,53,No,5,2,45.54
5,67,Yes,6,1,52.09
5,63,No,5,5,47.73
2,68,Yes,9,6,46.97
4,73,No,7,9,56.81
2,69,No,8,3,46.32
1,55,Yes,7,4,29.51
4,42,No,4,9,23.79
8,97,No,9,7,93.26
9,83,Yes,7,3,80.7
5,64,No,7,3,49.32
1,80,No,6,3,53.68
1,83,No,5,3,56.25
3,43,Yes,6,1,21.94
1,46,Yes,5,0,18.59
7,85,Yes,8,0,76.91
8,48,No,8,2,41.91
6,59,No,8,0,46.99
4,40,Yes,8,5,23.51
8,93,Yes,5,1,86.66
1,66,No,8,2,40.21
9,60,Yes,8,1,57.38
6,63,Yes,9,3,52.74
7,74,Yes,5,7,65.64
7,60,No,5,8,50.99
1,99,Yes,9,3,75.08
9,52,Yes,7,7,49.94
1,46,No,8,1,19.65
2,63,Yes,7,6,40.91
5,82,No,5,2,66.48
2,52,No,6,1,27.65
7,78,No,5,0,67.73
3,91,Yes,6,7,71.98
7,61,Yes,8,0,52.48
6,51,Yes,9,3,40.52
3,97,No,7,1,76.8
7,83,Yes,5,9,75.19
3,98,Yes,7,4,79.01
6,66,Yes,4,9,54.54
7,62,Yes,8,0,53.5
3,69,No,6,2,48.01
7,74,No,8,1,65.32
7,64,Yes,4,8,55.17
7,71,No,4,1,60.32
9,63,No,7,9,60.93
7,75,Yes,6,1,65.96
2,81,Yes,4,9,58.36
6,70,No,9,2,59.07
2,71,No,6,7,48.17
3,59,Yes,6,3,38.62
8,98,Yes,8,2,93.4
4,79,No,8,5,62.61
6,57,Yes,6,5,45.56
2,85,Yes,9,5,64.08
7,74,No,9,8,67.18
7,42,No,6,3,32.16
7,43,Yes,9,6,35.83
1,44,No,4,8,17.05
6,68,No,9,7,58.02
6,41,No,8,5,29.65
8,66,No,7,2,59.75
8,72,No,4,6,65.18
8,60,No,5,3,52.86
9,70,No,9,3,67.85
8,92,No,7,5,86.8
4,88,Yes,4,6,70.62
2,64,No,6,3,40.26
2,44,Yes,4,0,18.93
2,59,Yes,6,2,35.56
1,68,No,7,8,42.94
2,48,Yes,6,2,24.37
4,67,No,7,8,50.5
2,66,No,4,5,41.71
8,47,Yes,8,6,42.27
7,67,No,8,3,58.59
8,87,No,5,3,80.35
5,69,No,7,6,55.01
6,61,Yes,6,1,48.85
2,59,No,8,3,36.14
5,42,No,6,2,26.25
6,44,No,5,1,30.46
7,65,No,8,3,56.55
8,96,Yes,8,5,91.96
7,52,Yes,6,9,44.12
5,54,No,4,9,38.87
6,65,No,4,0,51.15
4,87,Yes,8,9,72.14
5,48,No,5,3,32.06
8,82,No,8,5,77.11
8,45,Yes,9,9,41.32
3,42,No,8,9,22.88
5,53,No,7,0,37.54
8,63,No,5,8,56.9
3,83,Yes,9,1,64.12
9,54,Yes,7,3,51.18
6,76,Yes,4,3,63.54
6,83,Yes,6,9,72.82
2,42,Yes,6,8,19.44
4,73,No,7,4,55.82
3,92,No,8,0,72.0
9,78,Yes,6,7,75.92
2,82,No,9,2,59.84
2,85,Yes,4,7,62.04
9,71,No,4,6,67.02
4,82,No,6,6,64.89
4,87,No,5,2,68.71
2,96,No,8,2,73.61
1,86,Yes,5,0,59.31
8,79,Yes,8,6,74.85
6,42,No,4,9,29.51
1,85,Yes,7,8,60.84
9,50,No,5,8,46.53
8,61,No,6,9,55.55
8,61,Yes,9,3,56.42
2,57,Yes,7,5,34.61
9,95,Yes,4,5,91.85
8,84,No,4,6,77.4
7,90,Yes,8,9,83.78
4,48,Yes,7,8,31.76
5,62,No,5,9,47.5
2,63,Yes,6,9,41.01
3,79,Yes,4,9,59.19
7,46,No,9,8,38.68
9,56,Yes,5,9,53.43
5,94,No,5,9,80.07
2,41,No,6,5,17.24
5,74,Yes,4,2,58.44
7,67,No,5,8,58.11
9,58,Yes,7,2,55.06
7,77,No,7,6,68.87
1,94,Yes,8,4,69.7
5,74,Yes,7,1,59.7
9,57,No,7,1,53.25
4,50,Yes,9,3,33.78
2,49,Yes,6,0,24.99
1,56,Yes,8,9,32.0
1,65,No,8,9,40.57
1,70,Yes,4,0,42.53
4,71,Yes,5,1,52.82
6,60,Yes,9,1,49.29
1,99,Yes,4,3,72.64
7,57,No,8,9,49.59
6,54,No,9,7,43.77
8,40,No,7,7,34.26
5,90,No,5,5,75.21
6,81,No,4,7,68.82
7,84,No,7,0,74.81
7,85,No,9,5,77.79
1,50,Yes,4,2,22.57
3,63,No,4,2,40.93
6,91,Yes,9,1,80.84
1,73,Yes,9,1,48.22
7,43,Yes,4,3,32.8
5,49,Yes,5,0,33.09
6,41,Yes,7,8,30.35
4,77,Yes,6,5,60.2
6,67,No,6,7,55.54
4,40,No,9,4,23.2
4,48,No,7,7,30.96
3,44,No,6,9,23.94
8,81,Yes,5,1,74.44
3,97,Yes,7,1,77.4
2,60,No,6,6,36.77
8,47,No,6,7,40.9
3,56,No,4,5,34.39
1,88,Yes,7,4,63.1
5,79,No,9,8,66.55
1,46,No,8,5,20.44
7,46,No,7,8,37.71
6,54,No,7,2,41.81
7,46,No,5,0,35.16
4,86,No,8,4,69.54
6,61,No,6,0,48.05
3,89,No,9,3,70.03
6,55,Yes,7,0,43.03
8,77,Yes,7,9,72.92
9,77,No,4,4,72.74
7,80,No,8,0,71.23
2,98,Yes,6,7,76.25
2,43,Yes,7,8,20.94
2,61,No,8,7,38.96
2,97,Yes,7,9,76.11
6,76,No,9,9,66.56
4,61,Yes,8,0,43.9
3,52,No,6,7,31.69
5,76,Yes,8,5,63.02
6,76,Yes,4,0,62.94
4,84,No,8,6,67.9
4,79,No,5,2,60.56
5,84,No,9,2,70.46
8,92,No,5,7,86.22
9,79,Yes,6,9,77.33
4,94,No,5,9,77.21
4,48,No,4,6,29.31
1,71,Yes,6,7,45.9
3,90,Yes,9,9,72.82
1,91,Yes,5,6,65.58
9,88,Yes,6,2,85.11
4,69,Yes,8,6,53.23
2,97,No,7,0,73.74
4,42,Yes,9,2,25.44
6,90,Yes,5,0,77.68
7,97,No,9,9,90.79
9,65,No,8,8,63.26
5,69,No,5,4,53.64
8,96,No,7,0,89.89
3,57,Yes,5,7,36.89
8,95,No,9,2,90.24
5,42,Yes,7,3,27.52
3,79,Yes,5,5,58.89
9,68,No,5,2,63.67
9,90,No,8,2,87.52
7,64,Yes,7,0,55.05
6,53,Yes,6,9,42.28
2,77,Yes,6,7,54.87
9,47,Yes,8,7,45.33
1,75,No,5,3,48.11
4,55,Yes,6,3,37.41
1,53,Yes,6,1,26.4
2,64,No,7,1,40.35
7,43,No,4,4,32.41
1,96,No,8,3,70.94
2,60,Yes,5,4,36.49
2,83,Yes,9,7,62.44
5,64,No,8,8,50.8
7,49,Yes,4,5,39.31
8,91,No,8,4,86.08
1,68,No,4,4,40.69
7,49,Yes,8,9,42.04
2,88,Yes,5,6,65.39
3,61,Yes,6,3,40.66
7,65,Yes,6,7,56.96
9,48,No,5,3,43.51
4,70,No,5,4,51.79
2,63,Yes,5,8,40.33
6,48,No,7,4,36.09
6,62,Yes,4,8,50.27
5,75,Yes,9,6,62.68
6,93,Yes,5,5,81.72
8,67,No,7,9,62.14
8,96,No,8,3,90.97
5,81,No,7,9,67.81
7,81,Yes,9,6,74.51
6,56,Yes,7,0,44.05
6,63,No,9,9,53.32
5,54,Yes,6,2,39.06
9,83,No,7,3,80.11
6,59,Yes,6,5,47.6
9,43,No,7,7,40.18
9,44,Yes,4,4,39.74
9,92,Yes,9,4,91.04
3,47,No,7,3,26.3
1,61,Yes,7,6,36.01
8,81,Yes,9,4,76.98
5,61,No,4,7,45.6
7,49,No,9,0,40.16
6,54,No,4,7,41.33
6,47,Yes,8,4,36.16
5,70,No,7,8,56.42
7,61,No,8,5,52.87
4,47,No,4,8,28.68
7,43,No,8,2,33.96
8,69,No,6,0,61.92
1,57,No,6,3,30.27
1,92,Yes,4,6,66.11
1,68,No,8,1,42.05
6,83,No,5,0,69.96
8,46,Yes,8,8,41.65
3,90,No,5,9,70.28
8,95,No,9,4,90.63
4,63,No,4,8,44.97
2,58,No,9,7,36.4
9,98,Yes,7,4,96.17
2,89,No,6,9,66.89
7,95,Yes,6,5,87.11
7,67,Yes,7,6,59.29
1,80,Yes,5,4,53.99
5,93,No,4,2,77.19
8,73,No,5,4,66.29
1,49,No,7,9,23.79
5,80,No,8,9,67.28
6,65,No,7,7,53.99
8,69,Yes,9,4,64.76
5,59,Yes,9,0,45.21
4,47,Yes,9,8,31.71
4,99,Yes,6,1,81.81
5,54,Yes,6,6,39.84
7,44,No,6,6,34.79
6,74,No,6,9,63.06
5,96,No,4,1,80.05
9,78,No,9,3,75.99
3,73,Yes,4,6,52.49
4,99,No,9,5,83.46
7,54,Yes,8,6,46.54
1,95,Yes,6,6,70.14
9,40,No,9,3,37.31
1,67,No,9,4,42.11
9,40,Yes,5,3,35.96
9,90,No,7,3,87.24
9,80,No,7,8,78.04
7,51,No,4,0,39.76
6,44,Yes,8,0,32.32
2,53,No,6,5,29.45
9,87,Yes,8,5,85.66
8,75,Yes,6,1,68.82
2,54,Yes,8,1,31.25
6,58,Yes,9,8,48.63
1,44,No,5,5,16.94
2,82,No,9,2,59.84
3,78,No,9,3,58.83
9,44,No,9,9,42.56
9,91,No,7,0,87.66
3,75,No,7,4,55.0
3,57,Yes,5,6,36.69
9,68,No,8,2,65.13
5,44,Yes,5,3,28.59
7,64,Yes,6,8,56.14
9,49,Yes,8,9,47.76
7,63,No,9,6,55.59
2,89,Yes,4,3,65.33
5,60,No,9,0,45.63
6,64,No,5,5,51.61
2,86,No,6,5,63.04
9,83,Yes,6,5,80.61
8,89,Yes,8,2,84.24
8,62,Yes,6,1,55.59
3,52,No,7,4,31.58
7,70,Yes,4,4,60.49
1,80,No,9,0,54.55
5,95,No,8,8,82.35
5,89,No,6,0,73.7
1,77,Yes,7,4,51.91
7,61,No,8,0,51.89
1,54,No,9,6,29.27
1,42,Yes,8,9,17.75
6,93,Yes,8,1,82.39
6,45,No,8,2,33.13
6,65,Yes,5,4,53.02
3,40,No,8,8,20.64
6,58,No,7,4,46.27
3,46,No,7,7,26.07
8,59,No,8,7,54.09
5,69,Yes,6,3,54.52
7,70,No,9,4,62.32
9,57,No,4,1,51.79
4,80,Yes,5,1,61.98
3,40,Yes,7,9,20.95
3,98,No,6,5,78.12
3,61,Yes,8,6,42.22
7,55,No,4,3,44.42
9,41,No,6,9,38.05
1,94,Yes,9,9,71.17
2,65,Yes,9,5,43.72
8,44,No,7,8,38.53
3,73,No,8,1,52.86
8,89,Yes,6,0,82.87
6,64,Yes,8,8,54.25
9,87,Yes,7,2,84.58
5,93,Yes,4,9,79.16
5,69,Yes,8,5,55.89
8,90,Yes,4,1,83.11
7,90,Yes,6,8,82.61
2,69,Yes,5,2,45.26
5,50,No,7,3,35.07
5,53,No,7,9,39.31
2,55,No,9,1,32.16
8,89,Yes,4,6,83.08
3,43,Yes,6,5,22.73
9,93,No,8,9,91.96
8,53,Yes,8,0,47.2
2,44,No,5,0,18.82
5,70,No,5,6,55.05
2,94,No,9,5,72.65
1,49,No,6,8,23.11
1,66,Yes,5,9,40.72
3,55,No,9,0,34.82
5,69,No,9,9,56.57
9,60,No,8,8,58.17
3,84,No,9,0,64.34
5,98,Yes,6,5,84.44
5,93,No,7,5,79.24
8,93,No,4,6,86.56
8,69,No,7,0,62.41
8,65,No,8,7,60.2
2,68,No,6,4,44.52
7,64,Yes,8,6,56.72
9,65,No,7,8,62.77
2,76,No,6,1,52.08
2,73,No,7,8,50.89
9,42,No,5,9,38.58
4,97,Yes,9,3,81.63
3,93,Yes,9,1,74.3
5,44,Yes,7,5,29.95
2,88,Yes,8,5,66.65
9,47,Yes,4,2,42.4
3,80,No,8,8,61.36
2,52,Yes,8,2,29.41
9,95,No,5,6,91.94
4,58,No,6,0,39.28
3,67,Yes,5,1,45.88
1,71,Yes,6,0,44.52
2,93,No,8,4,70.95
4,42,Yes,7,2,24.47
9,71,Yes,8,9,70.16
8,47,No,6,2,39.92
4,53,No,6,8,35.76
9,95,No,6,0,91.25
3,68,No,9,0,48.06
7,81,No,6,8,72.85
5,97,No,6,4,82.63
6,57,Yes,8,6,46.73
2,42,No,8,8,19.82
2,77,No,5,7,53.79
4,48,No,6,8,30.67
6,79,Yes,4,2,66.39
5,82,Yes,4,7,67.57
4,47,Yes,7,0,29.16
6,88,Yes,7,6,77.8
7,68,No,6,9,59.81
2,40,No,5,1,14.94
5,60,No,8,4,45.94
2,48,Yes,6,7,25.35
7,95,No,7,2,86.41
9,81,No,6,8,78.57
5,61,Yes,6,1,45.98
7,48,Yes,6,3,38.87
9,47,Yes,4,0,42.01
9,81,Yes,7,9,79.85
2,75,Yes,8,2,52.82
8,83,Yes,4,0,75.79
3,76,Yes,7,4,56.61
1,69,No,8,5,43.85
6,64,No,6,3,51.7
2,80,No,9,2,57.81
7,48,No,8,9,40.43
1,41,No,7,3,14.47
6,43,No,5,5,30.23
6,53,Yes,4,4,40.32
8,52,No,4,1,43.84
8,63,No,9,0,57.27
6,71,No,9,8,61.27
1,96,No,8,0,70.35
8,92,No,5,5,85.83
5,70,No,5,3,54.46
3,51,No,5,7,30.18
2,64,Yes,6,9,42.03
6,86,Yes,4,2,73.52
4,90,Yes,8,3,74.01
1,47,Yes,9,3,22.14
8,82,Yes,9,6,78.39
2,45,Yes,6,3,21.51
7,82,Yes,9,7,75.73
4,92,No,4,8,74.49
9,77,No,7,0,73.41
6,76,No,6,4,64.11
3,41,Yes,6,1,19.9
3,74,No,9,5,55.15
7,85,Yes,7,5,77.41
7,92,Yes,8,0,84.04
3,87,No,9,5,68.38
9,46,Yes,4,4,41.78
8,61,No,4,6,53.98
4,71,Yes,8,9,55.85
3,98,Yes,8,3,79.3
5,66,No,5,3,50.39
6,99,Yes,8,5,89.29
3,83,No,5,5,62.36
5,90,Yes,5,9,76.6
2,81,Yes,5,9,58.85
2,48,No,9,9,26.61
9,73,No,7,0,69.34
1,48,Yes,6,9,22.88
2,54,No,5,7,30.38
5,47,No,8,4,32.7
6,97,No,7,0,85.19
8,58,No,9,6,53.36
1,81,No,5,2,54.02
8,47,No,7,7,41.39
8,57,Yes,6,0,50.3
9,74,No,9,9,73.1
7,67,No,9,9,60.26
5,85,Yes,6,1,70.42
4,86,No,6,9,69.55
8,93,No,5,8,87.44
1,90,No,7,5,64.74
1,64,No,8,5,38.76
5,96,Yes,5,7,82.31
5,42,Yes,6,3,27.04
9,89,Yes,5,3,85.84
4,99,No,4,9,81.81
3,74,Yes,9,6,55.94
4,58,Yes,4,5,39.88
7,90,Yes,7,5,82.5
8,82,No,8,3,76.72
1,85,No,9,6,60.82
7,47,No,5,3,36.77
9,46,Yes,8,3,43.53
7,40,Yes,6,4,30.92
9,64,No,9,7,62.53
1,72,Yes,4,1,44.77
1,44,No,9,1,18.1
4,44,No,5,6,25.72
9,56,Yes,7,4,53.42
7,92,No,9,9,85.71
7,97,No,8,4,89.32
5,47,No,8,1,32.11
6,73,Yes,7,9,63.12
5,79,No,8,0,64.49
9,40,Yes,5,0,35.37
3,68,No,6,7,47.98
3,75,No,4,2,53.14
7,76,Yes,6,8,68.36
6,68,No,4,5,55.19
3,44,No,6,3,22.76
5,71,Yes,4,6,56.18
2,91,Yes,7,1,68.43
6,63,No,9,8,53.13
8,58,No,8,1,51.89
1,51,No,8,7,25.92
7,73,Yes,6,8,65.3
2,46,No,4,0,20.37
3,42,Yes,5,6,21.42
8,77,No,7,6,71.73
9,89,No,6,3,85.73
4,89,Yes,6,2,71.82
7,93,Yes,5,4,84.39
9,44,No,4,0,38.36
7,69,No,7,1,59.74
4,65,No,4,7,46.81
3,93,Yes,6,5,73.63
2,86,No,6,2,62.45
6,60,Yes,7,6,49.3
9,43,No,4,6,38.52
8,40,No,8,3,33.96
4,56,No,6,6,38.42
6,90,Yes,5,2,78.08
9,98,No,8,5,96.26
5,73,No,8,6,59.56
9,84,Yes,6,2,81.04
6,45,No,4,2,31.19
7,46,No,7,4,36.92
2,52,Yes,4,1,27.27
2,90,Yes,7,0,67.21
6,56,Yes,7,1,44.24
6,76,Yes,9,6,66.56
2,95,No,6,8,72.8
1,93,Yes,5,3,67.02
4,63,Yes,8,5,46.92
9,92,No,7,0,88.68
4,84,Yes,6,4,67.13
1,62,Yes,5,0,34.88
8,42,No,8,8,36.98
3,54,Yes,6,6,34.12
6,88,Yes,6,4,76.92
7,97,Yes,5,9,89.44
7,45,No,4,6,34.84
8,62,No,5,1,54.5
9,83,Yes,6,8,81.2
3,84,No,8,3,64.45
4,93,Yes,6,9,77.28
9,84,No,8,5,82.01
7,42,Yes,6,8,33.74
1,42,Yes,5,8,16.09
9,99,Yes,8,1,97.08
1,54,Yes,5,1,26.93
7,47,No,7,6,38.33
8,92,No,5,0,84.85
9,92,No,8,6,90.35
6,57,No,4,0,43.01
7,69,Yes,8,8,62.2
6,42,No,7,8,30.78
9,45,Yes,4,9,41.74
7,77,Yes,7,4,69.07
1,82,Yes,4,4,55.54
1,57,Yes,6,6,31.45
5,95,No,6,4,80.59
3,66,Yes,6,9,46.93
2,79,Yes,4,5,55.54
5,68,Yes,6,2,53.31
2,94,No,4,5,70.21
6,85,Yes,4,0,72.11
5,66,Yes,5,4,51.18
6,72,Yes,5,1,59.56
4,72,No,6,4,54.32
5,83,No,6,5,68.57
7,40,Yes,7,9,32.39
5,89,Yes,7,1,74.97
8,73,No,9,7,68.83
9,64,Yes,6,3,60.88
3,54,Yes,6,6,34.12
1,82,Yes,9,6,58.36
8,89,No,8,7,84.63
1,94,Yes,6,4,68.73
9,98,Yes,9,3,96.95
6,89,No,7,7,78.42
9,91,Yes,5,3,87.87
5,49,Yes,4,5,33.58
6,60,Yes,9,3,49.68
9,54,No,8,1,50.68
9,95,Yes,5,0,91.36
6,44,No,9,0,32.21
6,64,Yes,4,3,51.32
6,95,Yes,8,4,85.02
2,61,Yes,9,0,38.67
7,64,Yes,7,0,55.05
1,48,No,4,0,19.54
9,66,Yes,5,3,62.43
3,58,No,5,8,37.51
3,77,No,8,6,57.91
4,54,Yes,6,8,37.38
2,84,Yes,4,8,61.22
7,44,No,6,7,34.99
2,63,Yes,5,0,38.75
2,94,Yes,8,0,71.77
5,98,No,6,1,83.05
8,67,Yes,4,3,60.1
8,51,Yes,4,6,44.4
6,77,Yes,8,9,67.68
1,83,Yes,9,0,58.2
7,99,No,8,7,91.95
3,84,No,9,3,64.94
2,75,No,9,9,54.1
1,45,No,9,6,20.1
8,77,No,8,5,72.02
2,98,No,8,7,76.63
1,46,No,4,7,18.89
4,95,No,5,6,77.64
4,62,No,7,4,44.62
8,91,Yes,4,6,85.12
9,54,No,9,3,51.56
7,57,No,5,2,46.75
5,59,Yes,6,8,45.33
1,85,No,9,6,60.82
8,88,No,7,2,82.14
4,71,No,5,5,53.01
2,93,No,7,4,70.46
2,60,Yes,8,7,38.54
1,96,No,9,5,71.82
3,88,No,9,0,68.42
9,69,Yes,4,4,65.19
9,93,Yes,8,3,91.37
5,98,No,8,5,84.82
6,64,No,9,9,54.34
7,77,No,8,3,68.77
8,91,No,9,5,86.76
9,96,No,7,0,92.75
9,96,No,7,8,94.33
6,54,Yes,8,1,42.69
7,91,No,9,3,83.5
2,83,Yes,6,2,59.99
9,74,Yes,8,2,71.83
4,91,No,4,9,73.67
4,40,Yes,6,7,22.93
5,73,No,6,0,57.41
3,52,Yes,5,7,31.8
8,97,Yes,5,2,90.92
5,48,No,8,8,34.51
2,89,Yes,9,4,67.96
1,49,No,7,3,22.61
4,95,Yes,6,4,78.33
2,87,No,6,9,64.85
1,48,No,8,2,21.88
7,92,Yes,4,0,82.09
1,42,No,4,7,14.81
2,69,No,8,8,47.3
1,83,No,7,4,57.42
1,49,Yes,9,9,25.36
4,57,No,4,3,37.88
9,85,Yes,4,0,80.69
9,57,Yes,7,2,54.04
2,73,Yes,5,6,50.12
2,62,No,5,1,37.34
2,92,No,8,5,70.13
5,40,No,6,5,24.8
8,77,No,8,9,72.81
5,78,Yes,4,1,62.32
5,46,Yes,7,8,32.58
2,57,No,6,1,32.74
9,43,No,4,7,38.72
4,91,No,6,7,74.25
6,48,Yes,6,6,36.6
7,47,Yes,9,6,39.9
8,57,No,6,1,49.9
8,81,No,4,5,74.15
6,85,Yes,7,0,73.57
3,65,No,5,8,44.63
9,79,No,9,2,76.81
2,61,No,5,6,37.31
3,83,Yes,4,8,63.06
5,86,Yes,7,6,72.91
2,60,No,4,3,35.21
8,87,Yes,9,1,82.49
5,65,Yes,6,5,50.84
1,75,Yes,8,2,49.96
3,54,No,7,6,34.01
8,99,Yes,6,3,93.64
6,70,Yes,7,3,58.89
1,86,Yes,7,3,60.87
4,73,No,4,8,55.15
1,41,No,4,3,13.01
3,81,No,6,3,60.42
5,69,No,8,1,54.51
5,47,No,4,7,31.35
4,91,Yes,4,3,73.08
3,46,No,7,4,25.48
5,51,No,7,7,36.88
4,97,No,6,3,79.57
8,58,Yes,7,4,52.59
8,67,Yes,9,5,62.92
5,53,No,9,2,38.9
4,53,Yes,9,8,37.82
3,45,Yes,7,4,25.05
2,53,No,4,4,28.28
9,52,Yes,5,4,48.37
1,66,Yes,6,3,40.03
1,74,Yes,8,0,48.55
2,41,No,9,5,18.7
3,87,No,6,3,66.53
9,40,No,4,0,34.29
6,77,No,7,0,64.83
4,90,No,5,9,73.14
8,84,No,9,5,79.63
9,63,No,9,7,61.51
7,49,No,6,0,38.7
3,74,Yes,8,7,55.65
6,46,No,5,3,32.89
2,74,No,6,2,50.24
7,56,Yes,7,8,48.48
5,54,No,9,4,40.32
8,51,No,7,8,45.66
3,62,Yes,6,6,42.27
7,65,Yes,4,8,56.18
9,44,Yes,5,6,40.62
7,70,No,4,8,60.68
7,93,No,6,8,85.07
5,45,Yes,7,4,30.78
6,84,Yes,9,2,73.92
4,47,Yes,9,9,31.91
7,87,Yes,4,7,78.38
9,96,Yes,7,4,94.13
5,54,No,5,3,38.17
9,43,Yes,8,6,41.06
9,76,Yes,4,0,71.53
3,49,No,6,0,27.26
9,45,Yes,7,4,42.22
3,43,Yes,8,4,23.5
9,93,Yes,5,2,89.71
6,95,No,5,6,83.36
2,79,Yes,7,9,57.79
8,65,No,8,3,59.41
1,81,No,6,6,55.29
8,52,No,5,0,44.13
1,61,Yes,7,9,36.6
2,88,No,5,1,63.81
6,44,Yes,5,1,31.05
9,77,Yes,7,5,74.99
2,50,No,4,1,24.64
4,77,Yes,8,6,61.37
8,83,Yes,4,2,76.19
7,64,Yes,8,0,55.54
8,91,No,8,4,86.08
6,54,Yes,6,6,42.7
3,56,No,9,7,37.22
1,42,No,9,2,16.26
7,91,Yes,4,9,82.85
2,77,Yes,5,0,53.01
8,40,No,7,0,32.88
6,46,Yes,4,1,32.6
7,65,Yes,6,3,56.17
6,78,Yes,6,3,66.55
3,94,No,9,0,74.52
9,66,No,4,2,61.15
5,87,Yes,7,0,72.74
4,49,Yes,6,1,30.91
6,58,Yes,9,9,48.83
2,55,No,8,1,31.67
6,67,No,5,5,54.66
2,60,Yes,6,5,37.17
7,47,No,6,7,38.04
9,49,No,9,4,46.67
8,49,No,4,0,40.59
5,72,No,5,7,57.28
8,95,Yes,6,2,89.38
3,92,No,4,4,70.84
6,63,Yes,9,6,53.33
7,75,Yes,5,1,65.47
5,70,Yes,4,6,55.16
8,56,No,9,4,50.93
9,98,Yes,8,9,97.64
7,87,Yes,8,2,79.34
9,47,Yes,9,8,46.02
6,71,Yes,4,7,59.23
9,86,Yes,6,9,84.45
5,77,Yes,5,8,63.16
9,93,Yes,8,6,91.96
1,51,Yes,5,2,24.07
7,67,No,5,2,56.93
9,94,No,9,5,92.67
9,95,No,5,1,90.96
6,96,No,6,3,84.27
8,42,No,8,4,36.2
4,58,Yes,4,7,40.28
5,49,No,6,6,34.16
8,69,No,5,7,62.81
4,99,No,5,3,81.12
4,63,Yes,9,1,46.62
8,65,No,4,8,58.45
6,75,Yes,4,0,61.93
6,99,Yes,8,7,89.68
6,87,Yes,6,6,76.3
1,63,Yes,8,3,37.94
5,54,Yes,5,1,38.37
9,90,Yes,9,8,89.79
9,40,No,5,7,36.15
1,61,Yes,9,3,36.4
8,90,Yes,7,5,85.36
1,79,Yes,4,3,52.29
8,94,No,7,4,88.64
3,88,No,9,8,69.99
3,94,Yes,7,5,75.13
8,60,No,4,6,52.97
4,77,Yes,7,5,60.69
2,61,Yes,5,3,37.31
4,93,Yes,8,8,78.05
6,82,Yes,9,3,72.08
6,41,No,4,1,26.92
5,96,No,7,0,81.31
7,57,No,7,7,48.71
4,87,No,8,5,70.76
6,64,Yes,7,4,52.98
5,98,Yes,6,3,84.04
4,61,Yes,7,1,43.61
9,54,No,5,3,49.61
4,84,Yes,9,2,68.19
8,95,Yes,8,9,91.73
9,80,No,9,2,77.83
8,45,Yes,6,1,38.28
7,50,No,6,9,41.49
3,77,No,8,4,57.52
9,47,Yes,9,1,44.64
3,83,No,8,4,63.63
6,97,Yes,5,9,86.58
6,42,No,8,1,29.88
2,52,No,6,0,27.45
2,88,No,5,4,64.4
1,55,No,6,2,28.04
6,52,No,4,1,38.12
9,98,Yes,8,1,96.07
7,56,No,9,5,48.27
6,70,Yes,4,4,57.62
6,54,Yes,4,1,40.75
4,59,Yes,4,7,41.3
1,76,Yes,9,7,52.45
4,43,Yes,6,3,25.19
8,87,No,5,8,81.33
4,87,No,5,0,68.31
3,84,Yes,9,4,65.73
8,41,No,8,5,35.37
2,57,No,9,6,35.18
1,88,No,9,8,64.27
3,47,Yes,4,5,25.83
3,41,No,9,6,21.75
1,68,No,5,9,42.16
4,66,Yes,5,4,48.32
2,73,No,4,0,47.85
7,56,Yes,9,4,48.67
1,62,No,6,6,35.95
3,72,Yes,5,2,51.17
1,51,No,7,3,24.65
6,78,Yes,7,3,67.03
9,54,Yes,8,6,52.26
3,40,No,6,1,18.29
4,83,Yes,4,6,65.53
2,96,No,7,5,73.71
1,73,No,5,6,46.66
7,56,Yes,6,5,47.4
8,99,Yes,6,1,93.25
8,85,No,5,1,77.92
8,40,No,7,3,33.48
1,96,Yes,4,2,69.39
1,80,Yes,7,0,54.17
9,90,No,6,9,87.93
6,86,Yes,6,1,74.29
2,52,No,6,0,27.45
1,98,Yes,9,6,74.65
5,92,No,5,9,78.04
7,49,No,5,4,39.0
2,41,Yes,7,4,18.12
3,49,Yes,4,0,26.88
3,79,No,9,3,59.85
8,64,Yes,6,1,57.62
2,47,Yes,6,3,23.54
2,60,Yes,8,0,37.16
8,61,Yes,8,7,56.72
7,84,No,7,9,76.59
5,66,Yes,5,4,51.18
5,81,No,8,0,66.53
9,96,Yes,8,9,95.61
3,47,No,4,2,24.64
4,95,Yes,5,6,78.23
1,57,No,4,6,29.89
4,81,Yes,9,8,66.32
3,92,No,5,0,70.54
3,71,No,5,3,49.75
8,67,No,9,4,62.13
3,94,Yes,5,4,73.96
7,71,Yes,8,8,64.24
8,79,Yes,6,0,72.69
9,47,No,8,8,44.93
6,74,No,7,6,62.96
8,60,Yes,7,1,54.04
1,86,Yes,6,1,59.99
3,73,No,9,9,54.92
6,55,No,4,6,42.15
9,43,No,7,9,40.57
9,73,Yes,6,5,70.43
9,85,No,8,7,83.42
8,50,Yes,5,6,43.87
2,52,No,8,4,29.21
2,64,No,5,4,39.97
6,57,No,7,5,45.45
2,89,Yes,4,0,64.73
9,69,No,9,9,68.01
7,85,Yes,9,7,78.78
9,93,Yes,4,4,89.62
6,48,Yes,8,1,36.59
9,89,No,7,6,86.81
8,80,No,5,1,72.83
8,92,Yes,5,5,86.43
3,64,No,9,9,45.76
8,79,No,8,5,74.06
2,42,No,6,1,17.47
3,43,Yes,6,7,23.12
5,71,No,4,4,55.19
7,73,Yes,5,9,65.01
6,66,No,5,8,54.23
9,93,Yes,4,4,89.62
2,78,Yes,5,3,54.61
5,77,Yes,4,5,62.09
6,57,No,8,4,45.74
1,75,No,7,6,49.67
9,60,Yes,9,7,59.05
2,69,No,9,0,46.21
6,73,Yes,9,6,63.51
8,47,No,5,8,40.61
5,67,No,8,9,54.05
7,55,No,5,3,44.91
1,87,No,8,2,61.58
8,75,No,7,6,69.7
5,52,Yes,5,1,36.34
7,75,No,6,7,66.55
8,64,No,6,8,58.41
7,92,No,8,3,84.04
3,56,Yes,4,8,35.58
3,97,Yes,7,2,77.59
1,69,Yes,8,6,44.64
5,97,No,7,2,82.72
5,82,No,8,3,68.13
8,76,No,6,0,69.04
4,42,Yes,7,2,24.47
5,76,No,9,3,62.51
5,57,Yes,4,5,41.73
7,72,Yes,8,6,64.86
6,54,Yes,5,6,42.22
3,94,No,9,4,75.31
8,71,Yes,5,9,65.84
8,58,Yes,9,1,52.97
1,95,Yes,8,1,70.13
3,59,No,7,7,39.3
9,92,No,7,6,89.86
5,50,No,9,7,36.83
8,95,Yes,4,6,89.19
2,50,No,6,2,25.81
9,83,Yes,6,3,80.22
9,55,Yes,6,1,51.32
2,94,Yes,5,0,70.31
1,66,Yes,8,0,40.41
9,55,Yes,7,4,52.4
6,98,Yes,6,4,87.1
6,98,No,7,7,87.58
2,99,No,4,9,76.09
7,91,No,7,0,81.94
2,85,No,8,6,63.2
6,73,No,9,3,62.32
9,53,Yes,6,9,50.86
1,59,Yes,5,4,32.61
3,80,No,4,1,58.04
2,77,No,7,8,54.96
8,42,Yes,6,8,36.61
3,80,No,4,2,58.23
5,93,Yes,8,6,80.52
1,74,Yes,7,0,48.06
6,68,No,5,5,55.68
5,56,Yes,4,2,40.12
5,54,No,6,3,38.66
9,60,No,5,4,55.92
2,90,No,9,0,67.59
2,67,Yes,6,9,45.09
3,60,Yes,5,1,38.76
9,99,No,8,0,96.29
4,91,No,9,9,76.1
4,78,Yes,7,3,61.31
6,81,Yes,4,7,69.41
5,75,No,7,6,61.11
3,65,No,5,0,43.06
9,65,No,5,1,60.42
3,63,Yes,4,9,42.9
3,51,Yes,4,1,29.11
2,47,No,9,1,24.02
7,93,Yes,6,1,84.28
4,48,No,7,4,30.37
3,87,Yes,8,3,68.1
2,63,No,4,3,38.26
9,55,Yes,6,3,51.71
7,49,Yes,6,5,40.28
2,44,No,9,5,21.75
7,54,Yes,5,3,44.49
8,59,Yes,5,7,53.23
2,41,Yes,8,3,18.41
6,55,Yes,9,2,44.4
9,73,No,6,1,69.05
6,63,Yes,4,8,51.29
1,67,Yes,4,7,40.86
6,76,Yes,4,6,64.13
2,88,Yes,4,8,65.29
3,75,Yes,6,1,54.51
6,68,Yes,6,4,56.56
9,87,No,4,1,82.33
3,70,Yes,5,2,49.13
3,46,Yes,4,6,25.01
8,81,No,7,9,76.39
7,49,Yes,6,4,40.08
6,73,No,7,4,61.54
7,48,Yes,9,8,41.31
1,76,Yes,7,1,50.3
9,92,Yes,5,3,88.89
7,42,Yes,5,3,32.27
6,53,Yes,5,7,41.4
7,89,Yes,9,2,81.87
1,97,No,5,4,70.7
2,67,No,8,7,45.07
1,48,No,7,2,21.4
4,90,Yes,4,8,73.05
6,73,Yes,8,1,62.03
1,58,Yes,6,3,31.88
3,57,No,7,6,37.07
1,63,No,9,1,37.44
7,47,No,7,1,37.35
7,67,No,9,1,58.68
8,45,Yes,7,5,39.55
4,88,No,9,0,71.28
7,44,No,5,4,33.91
7,54,No,5,9,45.08
3,54,No,8,3,33.91
3,67,No,7,9,47.84
3,62,No,4,4,40.3
4,48,No,7,0,29.58
8,69,No,4,6,62.13
9,55,Yes,4,2,50.54
3,40,No,7,6,19.76
9,98,Yes,9,1,96.55
9,57,No,5,0,52.08
9,97,Yes,9,1,95.54
7,88,No,8,2,79.77
2,84,Yes,8,6,62.77
4,60,Yes,4,8,42.51
8,85,No,5,8,79.3
2,85,No,7,7,62.91
7,64,Yes,4,7,54.97
3,85,No,8,0,64.88
4,56,Yes,5,0,37.35
3,85,No,8,0,64.88
5,84,Yes,5,9,70.49
4,93,Yes,7,1,76.19
8,43,No,5,5,35.95
6,86,Yes,4,4,73.91
9,63,Yes,8,7,61.62
2,62,No,8,9,40.38
8,70,No,8,5,64.9
7,52,No,8,1,42.92
3,46,Yes,9,9,28.03
1,83,Yes,6,9,58.51
9,67,Yes,6,7,64.72
9,57,No,8,3,54.13
5,40,Yes,4,5,24.42
6,89,Yes,7,8,79.21
5,90,No,5,1,74.42
7,72,No,4,3,61.73
1,92,No,8,0,66.28
6,44,No,6,7,32.13
9,79,No,6,5,75.94
9,52,No,9,5,49.92
7,81,Yes,8,7,74.22
4,82,Yes,8,8,66.85
3,56,Yes,7,9,37.24
7,74,No,9,1,65.81
3,74,Yes,4,1,52.52
2,57,Yes,7,1,33.82
6,89,Yes,7,0,77.64
1,85,Yes,5,2,58.68
6,66,Yes,4,4,53.55
9,40,No,5,8,36.35
2,60,No,4,5,35.6
5,88,No,6,9,74.45
4,64,No,9,1,47.04
9,96,No,8,3,93.83
4,41,Yes,8,7,24.92
2,87,No,9,5,65.52
5,99,Yes,9,3,86.52
6,93,Yes,8,2,82.59
5,53,Yes,6,3,38.23
4,89,No,7,8,72.9
9,41,Yes,6,2,37.27
6,73,Yes,6,2,61.26
3,74,No,7,3,53.78
6,93,No,6,7,82.01
8,54,Yes,5,9,48.53
9,51,No,9,0,47.92
3,92,No,7,9,73.29
2,77,Yes,8,6,55.65
4,81,Yes,7,0,63.77
2,42,No,9,2,19.12
1,69,Yes,5,1,42.2
6,55,No,5,1,41.66
3,97,Yes,9,0,78.17
1,67,Yes,7,7,42.32
3,84,Yes,5,3,63.58
7,57,Yes,5,1,47.15
6,69,Yes,6,5,57.78
3,41,No,8,7,21.46
5,99,Yes,7,4,85.75
7,93,Yes,7,8,86.15
6,94,Yes,9,2,84.1
2,62,No,4,9,38.43
6,80,No,8,4,69.16
8,85,No,6,0,78.21
3,81,No,9,9,63.06
5,66,No,7,5,51.75
8,74,Yes,8,1,68.77
5,46,No,5,9,31.21
3,97,Yes,6,0,76.71
6,90,Yes,6,8,79.75
5,50,No,5,5,34.49
5,49,No,7,5,34.45
6,60,No,6,1,47.23
3,98,No,8,1,78.31
5,75,No,8,7,61.8
3,68,Yes,5,3,47.3
4,49,No,4,6,30.32
4,94,No,5,1,75.63
4,79,No,5,6,61.35
8,52,Yes,6,9,46.98
3,61,No,8,6,41.63
4,77,No,7,1,59.3
7,84,No,7,0,74.81
1,97,Yes,9,8,74.03
2,61,Yes,5,1,36.92
2,70,Yes,4,1,45.59
5,47,No,4,9,31.74
4,44,Yes,6,7,27.0
2,81,No,4,7,57.38
2,59,No,8,3,36.14
9,68,Yes,4,8,64.96
5,66,No,6,5,51.27
1,64,Yes,6,3,37.99
3,73,Yes,5,9,53.57
3,72,No,7,9,52.93
2,50,Yes,7,5,27.48
3,97,No,4,5,76.13
7,57,No,8,2,48.21
3,86,Yes,4,8,66.12
7,80,Yes,9,9,74.08
7,98,No,4,4,88.39
9,68,Yes,7,7,66.22
5,68,No,9,6,54.96
5,99,Yes,6,4,85.26
3,65,Yes,4,0,43.16
8,58,Yes,5,3,51.42
6,41,Yes,9,1,29.95
5,40,Yes,8,5,26.37
2,66,No,9,5,44.15
4,93,No,4,9,75.71
8,84,No,9,2,79.04
1,91,Yes,9,5,67.33
9,80,Yes,5,4,76.87
6,56,Yes,8,9,46.31
4,70,No,8,7,53.85
1,61,Yes,7,7,36.21
9,92,Yes,4,5,88.8
4,67,No,9,3,50.49
9,77,Yes,9,8,76.56
3,82,Yes,5,1,61.15
7,64,Yes,4,7,54.97
8,75,No,4,1,67.25
7,98,Yes,7,5,90.65
3,50,No,7,8,30.34
8,69,No,9,5,64.36
4,53,Yes,9,1,36.44
5,88,No,5,8,73.77
5,92,Yes,7,8,79.41
6,72,Yes,4,2,59.27
1,80,No,5,4,53.39
4,58,Yes,9,9,43.11
9,95,No,5,7,92.14
4,64,Yes,8,9,48.73
8,65,No,4,8,58.45
5,72,Yes,8,7,59.34
9,43,No,6,5,39.3
8,90,Yes,6,8,85.47
5,44,Yes,9,1,30.14
1,61,Yes,4,1,33.57
8,57,Yes,7,6,51.97
3,90,Yes,8,2,70.95
8,86,Yes,5,8,80.91
8,53,Yes,4,5,46.24
8,63,No,5,6,56.51
1,60,No,6,1,32.93
6,64,Yes,6,8,53.28
1,58,Yes,8,8,33.84
2,46,Yes,7,9,24.2
4,86,Yes,7,2,69.26
8,47,No,5,0,39.04
1,40,No,9,6,15.01
5,54,No,8,7,40.42
8,65,No,7,3,58.92
2,97,No,5,8,74.35
1,79,No,4,1,51.3
9,97,No,6,9,95.06
3,72,Yes,8,6,53.42
6,62,Yes,8,0,50.64
1,52,Yes,6,3,25.77
5,96,No,7,5,82.29
3,84,No,9,7,65.72
2,86,Yes,7,7,64.52
7,77,No,5,9,68.49
5,80,Yes,6,7,66.51
9,81,Yes,5,1,77.3
2,48,No,7,7,25.24
3,62,No,6,2,40.88
5,65,No,4,9,50.06
6,69,No,9,5,58.64
8,85,No,9,7,81.05
5,58,No,9,5,44.58
5,65,No,9,6,51.91
3,81,Yes,9,3,62.48
1,62,Yes,8,6,37.52
5,88,No,4,4,72.49
5,67,Yes,5,0,51.41
4,40,Yes,7,5,23.02
6,77,Yes,6,6,66.12
4,48,No,8,2,30.47
7,99,Yes,6,2,90.59
1,44,No,8,7,18.8
5,98,No,6,6,84.04
9,64,No,5,5,60.19
5,81,No,5,7,66.44
8,97,No,6,0,90.42
4,64,Yes,7,2,46.86
4,48,Yes,5,8,30.78
5,54,Yes,5,9,39.95
9,84,No,4,3,79.67
4,59,Yes,4,4,40.71
6,47,Yes,6,4,35.19
5,96,Yes,6,8,82.99
9,84,No,9,9,83.28
4,72,No,6,7,54.91
2,72,No,8,2,49.18
4,85,Yes,6,8,68.93
2,95,Yes,5,7,72.71
5,93,No,8,5,79.73
4,91,Yes,4,3,73.08
8,46,No,9,2,40.36
8,93,No,8,3,87.91
6,79,No,9,6,69.02
9,60,No,7,4,56.89
5,56,No,8,5,42.06
1,86,No,6,6,60.38
9,57,No,6,3,53.16
2,63,Yes,6,9,41.01
9,63,Yes,4,9,60.07
7,86,Yes,8,6,79.11
8,58,Yes,6,7,52.7
6,81,No,7,3,69.49
6,99,Yes,5,2,87.24
9,44,Yes,4,4,39.74
8,56,No,5,4,48.99
5,89,No,7,0,74.18
7,78,No,6,5,69.21
2,85,Yes,8,5,63.6
7,47,No,7,9,38.92
2,40,No,9,8,18.27
6,41,No,9,3,29.75
8,43,No,5,9,36.74
6,87,Yes,5,3,75.22
7,42,Yes,9,8,35.2
3,45,Yes,9,2,25.63
3,60,Yes,8,1,40.22
5,99,Yes,9,3,86.52
4,67,No,6,8,50.02
3,93,No,5,6,72.74
4,77,No,4,5,58.63
6,82,No,5,9,70.72
6,75,No,4,6,62.51
6,79,No,5,1,66.09
9,78,Yes,4,1,73.76
1,65,No,8,1,38.99
6,64,Yes,4,4,51.52
5,56,No,8,0,41.08
8,76,Yes,5,1,69.35
2,61,Yes,7,7,39.07
3,61,No,6,1,39.67
7,53,Yes,5,1,43.08
4,65,Yes,8,7,49.35
5,61,Yes,9,4,48.04
1,69,No,8,8,44.44
3,55,No,5,7,34.26
9,77,No,4,0,71.95
8,45,Yes,4,0,37.11
8,43,Yes,7,0,36.53
8,45,Yes,7,5,39.55
9,65,No,7,4,61.98
8,50,No,7,9,44.84
3,80,No,6,1,59.01
1,48,No,8,3,22.08
5,90,Yes,4,8,75.91
1,57,Yes,6,1,30.47
5,56,Yes,7,6,42.37
6,40,No,5,2,26.58
5,76,No,5,2,60.37
9,87,Yes,5,9,84.98
8,95,No,9,6,91.03
4,95,Yes,5,8,78.63
1,65,No,9,0,39.28
3,96,No,8,7,77.45
8,96,Yes,4,1,89.22
4,69,Yes,4,1,50.29
6,49,No,5,5,36.34
9,78,No,7,1,74.63
8,46,Yes,7,7,40.97
7,74,Yes,5,7,65.64
5,59,Yes,8,9,46.5
6,65,Yes,4,1,51.94
6,65,Yes,6,5,53.71
8,82,Yes,6,5,76.73
7,74,No,9,2,66.0
6,74,No,6,6,62.47
8,72,Yes,7,2,66.45
3,72,Yes,4,1,50.49
5,51,Yes,5,1,35.32
4,65,Yes,7,7,48.86
2,53,Yes,5,9,30.35
9,89,No,9,3,87.19
4,98,Yes,9,7,83.43
2,85,No,6,3,61.63
5,82,No,9,5,69.02
3,85,No,7,6,65.57
2,98,No,7,1,74.96
2,94,Yes,8,9,73.55
5,74,No,9,4,60.67
1,98,Yes,9,3,74.06
9,78,No,8,9,76.69
9,88,No,8,2,85.49
4,80,Yes,9,1,63.93
4,77,No,9,2,60.47
9,70,No,9,9,69.03
2,98,No,7,9,76.54
8,87,Yes,4,9,81.64
1,48,Yes,8,5,23.07
3,46,No,5,8,25.29
9,52,No,9,7,50.31
1,49,Yes,4,2,21.55
